title,lokace,cena,uzitna_plocha,podlahova_plocha,stavba,stav_objektu,umistneni_objektu,podlazi,lodzie,sklep,parkovani,doprava,energeticka_narocnost,vybaveni,vytah,voda,plyn,elektrina,odpad,telekomunikace,popis,url
Prodej bytu 2+kk 59 m²,"U Sluncové, Praha 8 - Karlín",8 111 263 Kč,59m2,59m2,Cihlová,Novostavba,null,2. podlaží,null,null,Y,null,Třída B - Velmi úsporná č. 78/2013 Sb. podle vyhlášky,N,Y,null,null,230V,null,"Internet, Kabelová televize","Krásný nový byt 2+kk o podlahové ploše 58,70 m2 s terasou (8,30 m2) a předzahrádkou (138,20 m2), který se nachází v rezidenčním pěti podlažním projektu U Sluncové od společnosti FINEP. Výhodou bydlení v novostavbě je, že si můžete uzpůsobit byt podle svého vkusu. V naší nabídce naleznete velké množství podlah, obkladů, interiérových dveří a mnoho dalšího, ze kterého vytvoříte vaše vysněné bydlení. Tato druhá etapa nabízí celkem 53 nových bytů.Rezidenci U Sluncové je komorní bydlení v místě tak akorát odlehlém od pulsující městské čtvrti Karlín, ale po pár krocích jste okamžitě vtaženi do centra dění. Ve čtyřech domech, citlivě zasazených do krajiny, najde své bydlení pouhá stovka šťastných. Ti pak budou moci každý den prožívat výhody a krásy skvěle navržené architektury, která dokázala díky speciálnímu tvaru fasád získat maximum slunce pro své interiéry.Vlastní moderní městské bydlení bez kompromisů? To je Karlín, který se stal fenoménem dnešní Prahy. Jedinečnost čtvrti se skrývá v ideálním umístění v blízkosti samotného centra města a z neuvěřitelné proměny v posledních 20 letech. Karlín dotvářejí městské parky, překvapivý dostatek zeleně, široké uliční bulváry a dokonalá dopravní infrastruktura. I toto je váš Karlín, lokalita, jejíž srdce tepe jak v budovách, tak právě i v parcích, kavárnách, venkovních zahrádkách restaurací, které udávají gastronomický směr dnešní doby. To, co dělá Karlín Karlínem nejsou ale jen kavárny a restaurace. Není to jen skvělá dopravní dostupnost. Nejsou to jen krásné parky. Jsou to především lidé. Svou pozitivní náladou a touhou po zážitcích vytvářejí každý den atmosféru, kterou zažijete možná tak v portugalském Lisabonu nebo italské Florencii.Naše společnost FINEP se na trhu s nemovitostmi pohybuje již od roku 1995 a dlouhodobě jsme v TOP 3 největších developerů v rezidenčním i administrativním segmentu v České republice.Předpokládaný termín dokončení projektu 04/2023.Fotografie a vizualizace jsou ilustrativního charakteru - domluvte si s námi schůzku pro bližší informace.Při kontaktu prosím uvádějte evidenční číslo F02C00101",https://sreality.cz/detail/prodej/byt/2+kk/praha-karlin-u-sluncove/1431076188
Prodej bytu 1+1 51 m²,"Příčná, Praha 1 - Nové Město",5 897 000 Kč,51m2,null,Cihlová,Po rekonstrukci,Centrum obce,přízemí z celkem 6 včetně 1 podzemního,null,null,null,null,null,null,Y,null,null,null,null,null,"Poslední byty v rezidenci Ferdinand Palace přímo od developera  Zkoulaudováno - ihned k nastěhování  • Roční výnos až do výše 7 % ročně• Finální cena, neplatíte provizi ani DPH • Pomůžeme s financováním• Ateliér 1+1• Vybavená koupelna včetně pračky!• 51,8 m2, orientace na západ• snížení přízemí• Zrekonstruovaný celý dům (nová fasáda, střecha, výtah, okna, společné prostory..)• Možné videoprohlídky Atraktivní poloha v centru města. V sousedství Karlovo náměstí, živoucí nábřeží řeky Vltavy nebo například poetický Slovanský ostrov. Ferdinand Palace se nachází mezi stanicemi metra Můstek a Karlovo náměstí v historickém domě nedaleko Novoměstské radnice. Vyhlášené pražské památky jako Pražský hrad, Vyšehrad a Petřín jsou v pěší dostupnosti.",https://sreality.cz/detail/prodej/byt/1+1/praha-nove-mesto-pricna/2458046044
Prodej bytu 1+1 30 m² (Mezonet),"Řeznická, Praha - Nové Město",5 350 000 Kč,30m2,null,Cihlová,Velmi dobrý,Centrum obce,5. podlaží z celkem 5,null,null,null,null,Třída G - Mimořádně nehospodárná,Y,Y,Dálkový vodovod,null,230V,Veřejná kanalizace,null,"Nabízíme Vám prodej útulného mezonetového bytu v osobním vlastnictví o dispozici 1+1 s krásným výhledem na Prahu, v atraktivní a žádané lokalitě Nové Město, ulice Řeznická, Praha 1. Bytová jednotka o výměře obytné plochy 30 m2 se nachází v nejvyšším patře cihlového domu s výtahem. Dispozice bytu: Byt je řešen jako mezonet. V horní části se nachází ložnice, v dolní části bytu obývací pokoj, kuchyně, koupelna a WC. Okno v obývací části bytu směrováno do vnitrobloku domu, tímto zajištuje v bytě klid. Technické parametry: elektřina 230 V, voda a kanalizace městská, topení - elektrické. Byt je ve výborném stavu, vybaven kuchyňskou linkou se sporákem a troubou, plovoucí podlahy a dlažba. Byt se nachází v centru Prahy, jen pár kroků od Václavského náměstí.Veškerá občanská vybavenost v pěší vzdálenosti, škola, školka, supermarket, nákupní středisko, zdravotní středisko, lékárna, restaurace, kadeřnictví, sportovní areály atd. Využití bytu je možné pro vlastní potřebu jako startovací byt, nebo díky atraktivní poloze jej můžete využít investičně pro krátkodobé nájmy. Na nemovitosti neváznou žádné finanční závazky.K dispozici ihned.Zajistíme veškerý právní a realitní servis včetně výhodného financování.",https://sreality.cz/detail/prodej/byt/1+1/praha-nove-mesto-reznicka/559578204
Prodej bytu 1+1 50 m²,"Hlubočepská, Praha 5 - Hlubočepy",5 892 000 Kč,50m2,48m2,Cihlová,Velmi dobrý,Centrum obce,3. podlaží z celkem 5,null,null,null,null,Třída G - Mimořádně nehospodárná č. 78/2013 Sb. podle vyhlášky,null,N,null,null,null,null,null,"Přestaňte snít o novém bydlení. Probuďte se v něm!Byt č. 32 o dispozicích 1+1 s balkónem 2,4 m² a podlahové ploše 47,9 m² je orientovaný na severovýchod. Stejně jako ostatní byty i tento charakterizuje jednoduché, dokonale funkční řešení prostoru. Klíčem je denní světlo, díky velkorysému prosklení je ho všude do sytosti.jednotka je dostupná v perfektním stavu, který je ověřen všemi revizemi. Prodává se bez vybavení.Vila dům Divoká Šárka je situován na ulici Za Vokovickou vozovnou na Praze 6, jen kousek od Evropské třídy s přímým propojením na letiště. Klidnou lokalitu charakterizují také bohaté občanské služby a vynikající dopravní dostupnost. Do centra Prahy se dá dostat do půl hodinky. Ještě blíže se rozkládají zelené plochy Divoké Šárky. K návštěvám zve také nedaleká Obora Hvězda, archeologický park, ale i četné restaurace, kavárny a další provozovny v okolí.Jednotka bude připravena k předání v 2Q 2021.Přiložené obrázky jsou vizualizace, slouží jako inspirace pro vytvoření atmosféry.",https://sreality.cz/detail/prodej/byt/1+1/praha-hlubocepy-hlubocepska/2083614044
Prodej bytu 1+1 36 m²,"Sokolovská, Praha 8 - Libeň",5 282 000 Kč,36m2,34m2,Cihlová,Po rekonstrukci,Centrum obce,3. podlaží z celkem 7,null,2m2,null,null,Třída G - Mimořádně nehospodárná č. 78/2013 Sb. podle vyhlášky,null,Y,null,null,null,null,null,"Byt č. 32 v dokončení Fit Out orientovaný na severozápad o dispozicích 1+1 a podlahové ploše 34,3 m², ke které náleží i sklepní kóje 1,5 m². Perfektně naplňuje požadavky současného bydlení a aktivního městského života. Uvedená cena je včetně veškerého vybavení.Pilcova rezidence, která s hrdostí navazuje na generace minulých stavitelů, je situována v dynamické čtvrti Palmovka se skvělou dopravní dostupností. TRAM, BUS i zastávka metra jsou do 3 min. chůze. Díky rozvinuté dopravní infrastruktuře, kterou propojuje linka metra B, se pohodlně dostanete po celé Praze. Jedinečnou atmosféru Palmovky vytváří pestrá kultura v kombinaci s poetikou kaváren, restaurací a barů. Občanské služby, nákupní možnosti a business příležitosti se zde mísí do ideální kompozice pro moderní život.Přiložené obrázky jsou vizualizace, slouží jako inspirace pro vytvoření atmosféry.",https://sreality.cz/detail/prodej/byt/1+1/praha-liben-sokolovska/586116444
Prodej bytu 1+1 37 m²,"Sokolovská, Praha 8 - Libeň",4 008 000 Kč,37m2,35m2,Cihlová,Po rekonstrukci,Centrum obce,2. podlaží z celkem 7,null,null,null,null,Třída G - Mimořádně nehospodárná č. 78/2013 Sb. podle vyhlášky,null,Y,null,null,null,null,null,"Byt č. 22 orientovaný na severozápad o dispozicích 1+1 a podlahové ploše 35,2 m², ke kterému náleží i sklepní kóje 1,5 m². Perfektně naplňuje požadavky současného bydlení a aktivního městského života. Řešení Shell & Core umožňuje každému majiteli byt individuálně dotvořit dle vlastního vkusu. Pilcova rezidence, která s hrdostí navazuje na generace minulých stavitelů, je situována v dynamické čtvrti Palmovka se skvělou dopravní dostupností. TRAM, BUS i zastávka metra jsou do 3 min. chůze. Díky rozvinuté dopravní infrastruktuře, kterou propojuje linka metra B, se pohodlně dostanete po celé Praze. Jedinečnou atmosféru Palmovky vytváří pestrá kultura v kombinaci s poetikou kaváren, restaurací a barů. Občanské služby, nákupní možnosti a business příležitosti se zde mísí do ideální kompozice pro moderní život.Přiložené obrázky jsou vizualizace, slouží jako inspirace pro vytvoření atmosféry.",https://sreality.cz/detail/prodej/byt/1+1/praha-liben-sokolovska/3606015324
Prodej bytu 1+1 36 m²,"Zúžená, Praha 6 - Břevnov",4 200 000 Kč,36m2,36m2,Cihlová,Po rekonstrukci,null,3. podlaží z celkem 3,null,null,null,null,null,N,N,null,null,null,null,null,"Rád bych Vám tímto nabídl slunný a zrekonstruovaný byt ve velice žádané lokalitě  v ulici Zúžená – Praha 6 Břevnov  s veškerou občanskou vybaveností v bezprostřední blízkosti domu. Byt je v osobním vlastnictví o ploše 36 m2 s dispozicí 1+1 se nachází ve 3NP cihlového domu . V roce 2016 proběhla  kompletní rekonstrukce celého bytu včetně elektrických rozvodů. Součástí bytu je komora na patře . V domě proběhla výměna nových plastových oken, a rekonstrukce chodeb domu.   Parkovat lze  na ulici před  domem. Nastěhování do bytu bude možné na konci května roku 2021. Okolo domu je veškerá občanská vybavenost (MŠ, ZŠ, pošta, potraviny , restaurace,).V blízkosti  se nachází dětská hřiště ,usedlost Ladronka ,Břevnovský klášter,Pražský hrad , zastávka MHD  kterým se pohodlně dostanete do centra Prahy cca 15min. . Pokud Vás tato nabídka bytu zaujala, stačí pouze zavolat a domluvit si prohlídku. Realitní kanceláře nevolat",https://sreality.cz/detail/prodej/byt/1+1/praha-brevnov-zuzena/1592810844
Prodej bytu 1+1 37 m²,"Mládeže, Praha 6 - Břevnov",5 400 000 Kč,37m2,37m2,Cihlová,Velmi dobrý,null,2. podlaží,null,null,null,null,null,null,null,null,null,null,null,null,"Světlý útulný byt s výhledem do zeleně je umístěn v 1. patře domu z r. 1936, který vznikl dle urbanistického plánu znamého architekta Ladislava Machoně. Dům je součástí oblíbené čtvrti Břevnov, stojí v klidné boční ulici v docházkové vzdálenosti Hradčan, Velké strahovské zahrady a parku Kajetánka u Břevnovského kláštera.Plocha bytu je rozdělena na západně orientovanou rohovou obytnou místnost, kuchyni, koupelnu (s vanou), samostatnou toaletu, spíž a předsíň s vestavěným úložným patrem.Interiér prošel kompletní rekonstrukcí, podlaha je plovoucí laminátová, kuchyňská linka je vybavena plynovým sporákem, elektrickou horkovzdušnou troubou, digestoří, chladničkou a mrazničkou, je zde také pračka. Vytápění ústřední dálkové. Dům je upravený, zateplený, okna jsou plastová, společné prostory střeží kamerový systém. Pro rezidenty je k dispozici kočárkárna.Lokalita disponuje veškerou občanskou vybaveností, v blízkosti jsou obchody včetně farmářských potravin, lékárna, poliklinika, restaurace a kavárny, pobočka městské knihovny nebo kino Dlabačov. Lokalitu charakterizuje množství zeleně, ulice jsou lemovány stromy, daleko není do parku Kajetánka, klášterní zahrady, Velké strahovské zahrady nebo na Ladronku. Dopravní spojení zajišťují autobusy i tramvaje, obě zastávky jsou v pohodlné vzdálenosti do 5 minut chůze.  Interiér 37 m2.Kromě běžných prohlídek nemovitostí nabízíme také videoprohlídky v reálném čase přes WhatsApp, FaceTime, Messenger, Skype ad.",https://sreality.cz/detail/prodej/byt/1+1/praha-brevnov-mladeze/3123498332
Prodej bytu 1+1 47 m²,"Brodského, Praha 4 - Chodov",4 530 000 Kč,47m2,null,Panelová,Velmi dobrý,Klidná část obce,7. podlaží z celkem 9,Y,Y,null,null,Třída G - Mimořádně nehospodárná,Částečně,Y,Dálkový vodovod,Plynovod,230V,Veřejná kanalizace,"Internet, Kabelová televize","Prodej bytu 1+1 s lodžií (zaskleno), užitná plocha bytu 47 m2, v osobním vlastnictví (lze financovat hypotečním úvěrem). Nachází se v 7. podlaží z 9. Byt je po celkové rekonstrukci. Nová kuchyňská linka, rekonstruovaná koupelna s WC. Na podlaze je dlažba a PVC. K bytu náleží sklep a zábor chodby. Panelový dům je po celkové rekonstrukci (zateplená fasáda, rekonstruovaná střecha, výtah dle norem EU, nové vchody (bezbariérový), plastová okna, vyměněné stoupačky). Klasifikační třída energetické náročnosti G (PENB bude doložen a hodnota upřesněna). Majitel má právo prodat/pronajmout nemovitost nabídce, dle vlastního uvážení. Cena (kupní, nájemní) uvedená v inzerci RK je orientační a může být změněna/upravena dle vzájemného ujednání mezi prodávajícím a kupujícím, prostřednictvím RK. Všechny textové údaje v inzerci jsou orientační a mají pouze informační charakter, čímž nezavazují RK k uzavření jakýchkoliv smluv a nemají předsmluvní charakter. RK si vyhrazuje právo na vyjednávání s dalšími zájemci o koupi/nájem nemovitosti a to nejpozději do dne uzavření rezervační/nájemní smlouvy s konkrétním zájemcem.",https://sreality.cz/detail/prodej/byt/1+1/praha-chodov-brodskeho/392039772
Prodej bytu 1+1 30 m²,"Pod Kavalírkou, Praha - Košíře",3 000 000 Kč,30m2,30m2,Cihlová,Velmi dobrý,null,-1. podlaží,null,null,null,null,Třída G - Mimořádně nehospodárná č. 78/2013 Sb. podle vyhlášky,Částečně,N,Dálkový vodovod,null,230V,null,null,"Nabízíme Vám exkluzivně k prodeji ateliérový byt (nebytový prostor) o výměře 30 m2 v suterénu cihlového domu v Praze – Košířích. Dům i byt byl v roce 2009 zrekonstruován, dům má novou fasádu, plastová okna, nový vchodový portál s domofony a opravený průchod do dvora. Z průchodu se rovněž vstupuje do domu. Ateliér byl v roce 2009 kompletně vybudovaný v suterénu domu z původně nebytových prostor, a tak je stále vedený na listu vlastnictví. Osvětlení a odvětrání ateliéru je zajištěno plastovým oknem v osvětlovací šachtě směrem do dvora.Voda je ohřívána el. bojlerem na 120 l umístěným nad minerálním podhledem v koupelně, využívá se sazba nočního proudu 20h.Prostor je vytápěn el. přímotopy a otopným žebříkem v koupelně. Díky umístění pod úrovní terénu má byt celoročně stálé velmi příjemné klima. Elektroinstalace jsou nové v mědi, s novým rozvaděčem.V koupelně je vana, umyvadlo, WC, přípojky pro pračku, otopný žebřík, minerální podhled s bodovkami, keramický obklad a dlažba. Pračka Grant zde v případě zájmu zůstane.Kuchyňská linka v dřevěném laminu v odstínu buk je vybavena sklokeramickou varnou deskou Candy, el. troubou Mora, myčkou Indesit, digestoří Mora a nerezovým dřezem. Lednici Candy je také možné v bytě zanechat, dle dohody.V případě zájmu je možné zde zanechat veškeré vybavení, dle dohody.Průkaz energetické náročnosti budovy nebyl předložen, zatím uvádíme ""G"". V místě je veškerá občanská vybavenost. Nedaleko domu jsou zastávky tramvají i autobusů Kavalírka, restaurace, obchůdky, lékárna, pošta, sportoviště, parky, nejbližší metro B Anděl.  V případě zájmu o bližší informace a domluvení prohlídky volejte makléře.",https://sreality.cz/detail/prodej/byt/1+1/praha-kosire-pod-kavalirkou/592702812
Prodej bytu 1+1 44 m²,"Za papírnou, Praha 7 - Holešovice",5 000 000 Kč,44m2,44m2,Cihlová,Velmi dobrý,Centrum obce,5. podlaží z celkem 5 včetně 1 podzemního,null,1m2,null,null,null,Y,N,Dálkový vodovod,null,230V,Veřejná kanalizace,"Telefon, Internet","Světlý byt 1+1 v osobním vlastnictví, v bezprostřední blízkosti metra, tram, bus Nádraží Holešovice. 4.patro bez výtahu, orientovaný na západ, k bytu náleží sklep a součástí je společná terasa ve druhém patře. Rok výstavby bytu 2004, dům tehdy prošel celkovou rekonstrukcí. Klimatizace, el. vytápění na úsporný tarif. Nízké poplatky, vynikající občanská vybavenost a blízkost Stromovky. Bezproblémové parkování přímo před domem. Vybavení dle domluvy viz foto, vhodný k okamžitému nastěhování. Možnost platby v EUR.",https://sreality.cz/detail/prodej/byt/1+1/praha-holesovice-za-papirnou/1116888412
Prodej bytu 1+1 46 m²,"Řehořova, Praha 3 - Žižkov",4 990 000 Kč,46m2,46m2,Cihlová,Dobrý,Centrum obce,1. podlaží z celkem 4,null,null,null,null,Třída G - Mimořádně nehospodárná č. 264/2020 Sb. podle vyhlášky,Částečně,null,null,Plynovod,null,Veřejná kanalizace,null,"Exkluzivně vám nabízím byt v osobním vlastnictví s dispozicí 1+1 (detailní info o této nabídce najdete na webu ZizkovByt.cz) v ulici Řehořova 927/43, Praha 3 - Žižkov, který je umístěn ve zvýšeném přízemí cihlového činžovního domu. Nákup bytu je možné financovat i hypotéčním úvěrem. V době omezení pohybu osob v důsledku šíření epidemie COVID-19, doporučujeme klientům se s nemovitostí detailně seznámit například pomocí VIRTUÁLNÍ PROHLÍDKY, kterou najdete na webu ZizkovByt.cz a následně je možné osobní prohlídku nemovitosti za dodržení pravidel uskutečnit. Byt obsahuje samostatnou kuchyň s oknem do klidného dvora a jednu velkou místnost s dvěma okny do ulice, koupelnu se sprchovým koutem, umyvadlem a místem na pračku a dále je zde samostatné wc. Byt má celkovou rozlohu 46 m2 a patří k němu sklep v podzemním podlaží domu. Byt je po rekonstrukci, ale je velmi dobře udržovaném stavu. Je zde instalovaná kuchyňská linka, která je součástí bytu. Koupelna a wc jsou nově obloženy a jsou zde moderní zařizovací předměty. Topení v bytě je vyřešeno plynovými přímotopy WAW a ohřev vody je vyřešen elektřickým bojlerem. Byt je umístěn v klidné ulici a části Prahy 3 - Žižkova. Byt je volný a připraven ihned k nastěhování.Detailní info o této nabídce najdete na webu ZizkovByt.cz",https://sreality.cz/detail/prodej/byt/1+1/praha-zizkov-rehorova/2568392028
Prodej bytu 1+1 35 m²,"Nad vodovodem, Praha 10 - Strašnice",3 900 000 Kč,35m2,35m2,Panelová,Velmi dobrý,Klidná část obce,2. podlaží z celkem 6 včetně 1 podzemního,null,1m2,null,null,Třída D - Méně úsporná č. 148/2007 Sb. podle vyhlášky,Částečně,N,Dálkový vodovod,null,230V,Veřejná kanalizace,null,"Prodej bytu 1+1 o celkové ploše 36 m2 ve 2. nadzemním podlaží panelového domě v žádané lokalitě Prahy 10 - Strašnice. Nemovitost prošla částečnou rekonstrukcí a skládá se z obývacího pokoje, kuchyně, koupelny se sprchovým a oddělenou toaletou a prostorné vstupní chodby. K bytové jednotce náleží sklepní kóje v přízemí domu. Malešický park vzdálen pouhých 400 metrů od domu a stanice MHD, Hostýnská 150 metrů. Veškerá občanská vybavenost v místě bydliště. Lze financovat hypotečním úvěrem. Pro více informací kontaktujte makléře. Majitel si vyhrazuje právo výběru nejvýhodnější nabídky.",https://sreality.cz/detail/prodej/byt/1+1/praha-strasnice-nad-vodovodem/3421068636
Prodej bytu 1+1 58 m²,"Ruská, Praha 10 - Vršovice",6 240 000 Kč,58m2,null,Cihlová,Dobrý,Centrum obce,4. podlaží z celkem 4 včetně 1 podzemního,null,2m2,null,null,Třída D - Méně úsporná č. 148/2007 Sb. podle vyhlášky,Y,Y,Dálkový vodovod,Plynovod,230V,Veřejná kanalizace,"Telefon, Internet, Kabelová televize","Ve výhradním zastoupení nabízíme ke koupi světlý byt v osobním vlastnictví v původním stavu. Dispozičně se jedná o 1+1 o celkové užitné ploše 58,45 m2 se sklepní kójí. Byt se nachází ve 4. patře cihlového domu s výtahem. Dům prošel částečnou revitalizací, která obsahovala výměnu výtahu, vstupních dveří a svislého potrubí (voda, kanalizace -> plast). Dispozice bytu se skládá ze vstupní chodby s vestavěnými skříněmi (9,95 m2), komory (3,54 m2), samostatné toalety (0,86 m2), koupelny s vanou (1,96 m2), kuchyně (9,15 m2) a prostorného pokoje (30,35 m2). Orientace bytu na západní stranu do klidného vnitrobloku. K bytu také náleží sklepní kóje o rozloze 2,64 m2. Vytápění bytu ústřední.  Byt není právně zatížen a lze jej financovat hypotečním úvěrem, s jehož vyřízením Vám v případě zájmu pomůžeme. Dům se nachází v oblíbené lokalitě širšího centra metropole, a to konkrétně v ulici Ruská, Praha 10 – Vršovice. V okolí domu se nachází několik městských parků jako jsou například park Pod Rapidem s dětským hřištěm, Gutovka či park Františka Suchého. Dále s v okolí domu nachází obchody, potraviny, kavárny, zastávka TRAM, BUS či stanice metra „A“ Strašnická vzdálená jednu stanici tramvaje. PENB: D. Makléř doporučuje prohlídku.",https://sreality.cz/detail/prodej/byt/1+1/praha-vrsovice-ruska/174136668
Prodej bytu 1+1 41 m²,"Lukášova, Praha 3 - Žižkov",5 600 000 Kč,41m2,41m2,Cihlová,Velmi dobrý,Centrum obce,4. podlaží z celkem 7 včetně 1 podzemního,null,null,null,null,Třída G - Mimořádně nehospodárná č. 148/2007 Sb. podle vyhlášky,Y,Y,Dálkový vodovod,null,"120V, 230V",Veřejná kanalizace,"Internet, Kabelová televize","Nabízíme ke koupi byt o dispozici 1+1 ve vyhledávané části Prahy 3 - Žižkově, v ulici Lukášova. Byt se nachází ve 3. patře cihlového domu s výtahem z roku 2005. Byt je vybaven kuchyňskou linkou se spotřebiči a nábytkem, který lze v bytě ponechat. Velkou výhodou je prostorný balkon, na který je vstup z kuchyně. Vzhledem k lokalitě je byt vhodný jak pro vlastní bydlení, tak na ivestici. Bezproblémové parkování u domu. Veškerá občanská vybavenost v okolí. Výborná dopravní dostupnost. V okolí velké množství zeleně. Financování zajistíme. Pro více informací kontaktujte makléře. ",https://sreality.cz/detail/prodej/byt/1+1/praha-zizkov-lukasova/1933323612
Prodej bytu 1+1 64 m²,"Hevlínská, Praha 5 - Zličín",4 750 000 Kč,64m2,38m2,Cihlová,Velmi dobrý,Klidná část obce,1. podlaží včetně 1 podzemního,null,null,null,null,Třída G - Mimořádně nehospodárná č. 78/2013 Sb. podle vyhlášky,Částečně,Y,Dálkový vodovod,null,230V,Veřejná kanalizace,"Internet, Satelit, Kabelová televize, Ostatní","Nabízíme k prodeji byt 1+1/T v OV, 38,2 m2, 26,5 m2 terasa, Praha 5 - Zličín, ul. Hevlínská Byt se nachází v prvním nadzemním podlaží zděného bezbariérového domu s velikou uzavřenou terasou v rezidenční části Zličína se všemi výhodami města.  Díky chytré dispozici nabízí různá řešení. Obývací část s moderní kuchyní je oddělena japonskou stěnou od ložnice se vstupem na terasu, která je po celé délce bytu s vyšší zábranou pro úplné soukromí. Je vkusně zařízen vestavěným nábytkem a moderní kuchyní na míru šikovně zasazenou do prostorného vyklenutí v obývací části bytu. Díky velkým oknům je světlý a dohromady s terasou tvoří nevšední pocit zdravého bydlení. Byt má příjemnou atmosféru a působí útulně. Dům je díky dobré práci SVJ čistý, udržovaný a neustále zvelebovaný včetně zahrady za domem s krátce střiženým trávníkem. Pro ty, kteří rádi tráví čas na čerstvém vzduchu, bude obrovskými benefity terasa a lokalita. Parky, rybníky, hřiště s venkovní posilovnou, cyklotrasy, sportoviště, školy, školky, ale i služby, restaurace a obchody - to vše podporuje vynikající dostupnost (metro, bus i snadno příjezd autem).  Na tuto nemovitost Vám pomůžeme zajistit financování s nízkou úrokovou sazbou.Doporučujeme prohlídku. Třída G - Mimořádně nehospodárná – Energetický štítek budovy (PENB) nebyl dodán.",https://sreality.cz/detail/prodej/byt/1+1/praha-zlicin-hevlinska/3720682844
Prodej bytu 1+1 35 m²,"Mezivrší, Praha 4 - Braník",4 350 000 Kč,35m2,35m2,Panelová,Velmi dobrý,null,2. podlaží z celkem 8,null,2m2,Y,null,Třída E - Nehospodárná č. 78/2013 Sb. podle vyhlášky,Y,Y,Dálkový vodovod,Plynovod,230V,null,Telefon,"Majitel nemovitosti nabízí k prodeji světlý byt 1+1, 35 m2 obytné plochy s rozlehlou terasou o výměře 37 m2 s možností zastřešení, či instalací pergoly, markýzi. Byt v 1.patře bytového domu s malým počtem bytových jednotek nacházející se na skvělé adrese v jádru vilové čtvrti. Jeho umístění nabízí kvalitní bydlení s pěkným výhledem na klidném místě s výbornou dostupností do centra a blízko přírodní památky Branických skal. Bytu dominuje obytný prostor, ze kterého se vchází na prostornou terasu o výměře 37 m2, která nabízí rozmanité využití. Součástí bytu je sklep, byt prošel rekonstrukcí včetně zděného jádra. Velkou devízou tohoto bytu je jeho poloha, velkorysá vstupní hala, terasa a nízké měsíční poplatky. Možnost okamžitého nastěhování.",https://sreality.cz/detail/prodej/byt/1+1/praha-branik-mezivrsi/3803217244
Prodej bytu 1+1 29 m²,"Vítkovická, Praha 9 - Letňany",3 580 000 Kč,29m2,29m2,Cihlová,Novostavba,null,4. podlaží z celkem 3,Y,null,null,null,Třída C - Úsporná č. 78/2013 Sb. podle vyhlášky,N,Y,Dálkový vodovod,null,230V,Veřejná kanalizace,null,Nádherný byt v klidné ulici Vítkovická s lodžií a klimatizací.Kompletní občanská vybavenost v blízkém okolí. V domě je nově vybudovaný výtah. Na byt zajistí REMAX financování přes vlastní společnost RX FINANCE. Pro nového majitele na oslavu nového bytu čeká od makléře láhev pravého šampaňského Moët & Chandon.,https://sreality.cz/detail/prodej/byt/1+1/praha-letnany-vitkovicka/4173651036
Prodej bytu 1+1 52 m²,"N. A. Někrasova, Praha 6 - Bubeneč",6 100 000 Kč,52m2,52m2,Cihlová,Velmi dobrý,null,4. podlaží z celkem 5,null,null,null,null,Třída G - Mimořádně nehospodárná,null,Y,null,null,"120V, 230V, 400V",null,null,"Nabízíme Vám k prodeji krásný byt v ulici N.A.Někrasova 649/2, Praha 6.Byt o dispozici 1+1 a velikosti 51.13 m2 se nachází ve 3.N.P. cihlového objektu s výtahem. Má dva krásné pokoje a prostornou předsíň. Jeden z pokojů je možno využívat jako malý obývák, spojený s kuchyní. Kuchyň je vybavená kuchyňskou linkou s varnou deskou, elektrickou troubou a lednicí, v pokoji s kuchyní je spíž. Druhý z pokojů jako ložnici. V koupelně je sprchový kout, toaleta zvlášť. Na podlahách je dřevo, parkety a dlažba. Kuchyň je vytápěna elektrickým přímotopem, pokoj topením plynových - waw. Teplou vodu ohřívá bojler, umístěný v podhledu. Z kuchyně se vchází na balkonek s krásných výhledem do parku. V okolí je veškerá občanská vybavenost, bary, restaurace, obchody, nákupní centrum Kaufland, Albert. Byt je 2min. od tramvajové zastávky Lotyšská, blízko metra A - Dejvická. V blízkém okolí se nachází part Stromovka, Lysolajské údolí. Doporučujeme prohlídku.Prohlídky lze realizovat i v době nařízení vlády o omezení pohybu osob.Pro informace, za jakých opatření lze prohlídku realizovat, mě prosím neváhejte kontaktovat.Energetická třída G je uvedena dočasně, vzhledem k novele zákona č.406/2000Sb. o hospodaření s energií. Po dodání energetického štítku bude uvedena skutečná energetická třída této nemovitosti.",https://sreality.cz/detail/prodej/byt/1+1/praha-bubenec-n--a--nekrasova/2900790620
Prodej bytu 1+1 30 m²,"Hráského, Praha 4 - Chodov",3 990 000 Kč,30m2,null,Panelová,Dobrý,null,2. podlaží z celkem 8 včetně 7 podzemních,null,2m2,null,null,Třída G - Mimořádně nehospodárná,null,Y,null,null,230V,null,null,"Nabízíme k prodeji byt 1 + 1 v osobním vlastnictví o celkové výměře 30 m2 nacházející se v 2. NP/ 8.NP v panelovém domě s výtahem. K bytu náleží sklep. Parkování je možné v okolí domu. Byt je v původním stavu. Jádro koupelny z umakartu, WC zvlášť. V okolí veškerá občanská vybavenost - školka, škola, poliklinika, v docházkové vzdálenosti (3 minuty) je obchodní centrum Chodov, kde jsou veškeré obchody, služby, lékárny, zastávka autobusu a metro C. ",https://sreality.cz/detail/prodej/byt/1+1/praha-chodov-hraskeho/3025616220
Prodej bytu 1+1 43 m²,"Jičínská, Praha 3 - Žižkov",4 850 000 Kč,43m2,null,Cihlová,Velmi dobrý,null,3. podlaží,null,3m2,Y,null,null,null,null,null,null,null,null,null,"Prodej bytu 1+1 43 m2 v osobním vlastnictví. Součástí užívání je velká pavlač / spolu se sousedním bytem. ale vstup do sousedního bytu je PŘED pavlačí, tudíž přes ni nikdo nechodí /. Byt se nachází ve 2. patře cihlového domu s výtahem, pokoj je situovaný do ulice na východní stranu, kuchyně do vnitrobloku na západní stranu. Byt se skládá z předsíně, neprůchozího pokoje, kuchyně s komorou, koupelny a samostatné toalety. Dále k bytu patří sklep, užívání pavlače a 3 parkovací místa před domem. Parkovací místo není přiřazeno k žádnému bytu, ale patří výhradně k domu. jsou zabezpečená stojánkem na klíč. vše probíhá dle dohody. Byt je po částečné renovaci, na podlaze je dlažba a plovoucí podlaha, je zde nový rozvod elektriky, jsou nové stoupačky a rozvody odpadu a plynu. dále jsou zde bezpečností dveře, které otevře ten kdo má klíč a pak už jen hasiči. okna jsou původní, topení je přes wawky, teplá voda přes karmu. Byt se nachází v docházkové vzdálenosti 3 minut od metra Flora a stejně tak park Parukářka. Volný je ihned. prohlídky jsou možné kdykoliv po dohodě a to na tel. č. 774/224 720.",https://sreality.cz/detail/prodej/byt/1+1/praha-zizkov-jicinska/507075932
Prodej bytu 1+kk 33 m²,"U Sluncové, Praha 8 - Karlín",4 814 232 Kč,33m2,33m2,Cihlová,Novostavba,null,5. podlaží,6m2,null,null,null,Třída B - Velmi úsporná č. 78/2013 Sb. podle vyhlášky,N,Y,null,null,230V,null,"Internet, Kabelová televize","Krásný nový byt 1+kk o podlahové ploše 32,90 m2 s lodžií (5,60 m2), který se nachází v rezidenčním pěti podlažním projektu U Sluncové od společnosti FINEP. Výhodou bydlení v novostavbě je, že si můžete uzpůsobit byt podle svého vkusu. V naší nabídce naleznete velké množství podlah, obkladů, interiérových dveří a mnoho dalšího, ze kterého vytvoříte vaše vysněné bydlení. Tato etapa nabízí celkem 54 nových bytů.Rezidenci U Sluncové je komorní bydlení v místě tak akorát odlehlém od pulsující městské čtvrti Karlín, ale po pár krocích jste okamžitě vtaženi do centra dění. Ve čtyřech domech, citlivě zasazených do krajiny, najde své bydlení pouhá stovka šťastných. Ti pak budou moci každý den prožívat výhody a krásy skvěle navržené architektury, která dokázala díky speciálnímu tvaru fasád získat maximum slunce pro své interiéry.Vlastní moderní městské bydlení bez kompromisů? To je Karlín, který se stal fenoménem dnešní Prahy. Jedinečnost čtvrti se skrývá v ideálním umístění v blízkosti samotného centra města a z neuvěřitelné proměny v posledních 20 letech. Karlín dotvářejí městské parky, překvapivý dostatek zeleně, široké uliční bulváry a dokonalá dopravní infrastruktura. I toto je váš Karlín, lokalita, jejíž srdce tepe jak v budovách, tak právě i v parcích, kavárnách, venkovních zahrádkách restaurací, které udávají gastronomický směr dnešní doby. To, co dělá Karlín Karlínem nejsou ale jen kavárny a restaurace. Není to jen skvělá dopravní dostupnost. Nejsou to jen krásné parky. Jsou to především lidé. Svou pozitivní náladou a touhou po zážitcích vytvářejí každý den atmosféru, kterou zažijete možná tak v portugalském Lisabonu nebo italské Florencii.Naše společnost FINEP se na trhu s nemovitostmi pohybuje již od roku 1995 a dlouhodobě jsme v TOP 3 největších developerů v rezidenčním i administrativním segmentu v České republice.Předpokládaný termín dokončení projektu 04/2023.Fotografie a vizualizace jsou ilustrativního charakteru - domluvte si s námi schůzku pro bližší informace.Při kontaktu prosím uvádějte evidenční číslo F01B00406",https://sreality.cz/detail/prodej/byt/1+kk/praha-karlin-u-sluncove/1080261980
Prodej bytu 1+1 35 m²,"Neklanova, Praha 2 - Vyšehrad",4 200 000 Kč,35m2,35m2,Smíšená,Dobrý,null,1. podlaží,null,null,null,null,Třída G - Mimořádně nehospodárná č. 78/2013 Sb. podle vyhlášky,Částečně,N,Dálkový vodovod,Plynovod,null,null,null,"Nabízíme k prodeji byty 1+1  ve velmi vyhledávané lokalitě v Praze 2, Neklanově ulici, jen pár kroků od Vyšehradu a pražské náplavky. Dané jednotky se nachází ve 2. NP, všechny nabízené jednotky jsou/budou po úplné rekonstrukci a ve stavu tzv. shell&core, tedy připravené k zařízení dle přání a představ nového majitele. K jednotkám náleží sklepní koje, případně komora mimo byt.V secesním domě z konce 19. století se nachází 19 částečně zrekonstruovaných bytů, převážně o dispozici 1+1 a 2+kk. V současné době dokončujeme opravy společných prostor domu a začínáme s vestavbou výtahu ve dvoře. Po plánovaném dokončení počátkem léta 2021 započne kultivace dvora a také přestavba dvorního objektu.Provizi neplatíte.  Cena u nabízených jednotek je 120 000/m2, přesné zaměření proběhne po dokončení rekonstrukce, avšak se výměry budou pohybovat okolo 35m2, cena bude zahrnovat sklepní koji/komoru mimo jednotku.Pro více informací neváhejte volat či psát.",https://sreality.cz/detail/prodej/byt/1+1/praha-vysehrad-neklanova/1653169244
Prodej bytu 1+1 46 m²,"Eliášova, Praha 6 - Bubeneč",6 490 000 Kč,46m2,46m2,Cihlová,Velmi dobrý,Klidná část obce,4. podlaží z celkem 6 včetně 1 podzemního,null,6m2,null,null,null,null,Y,null,null,null,null,Internet,"Nabízíme Vám na prodej byt 1+1 (2+kk), ve velmi oblíbené části Prahy 6 - Bubeneč, nedaleko Puškinova náměstí. Množství zeleně, architektura 30-tých let 20.století, obchůdky, kavárny a restaurace dělají z této lokality výjimečně příjemné místo pro městské bydlení. Praktická je snadná dostupnost centra města i na letiště. Areál vysokých škol je vzdálen 10 minut klidnou chůzí.Byt se nachází ve 3.patře činžovního domu s výtahem. Je tvořený prostornou předsíní, obývacím pokojem, kuchyní, koupelnou, samostatným WC a komorou. K bytu náleží sklep v suterénu domu.Na podlaze v pokoji jsou původní dřevěné parkety a v koupelně a kuchyni dlažba (nutná oprava). Vytápění je zajištěno lokálními plynovými otopnými tělesy, teplá voda elektrickým ohřívačem.Dispozici bytu je možno snadno změnit na 2+kk.Volný ihned.",https://sreality.cz/detail/prodej/byt/1+1/praha-bubenec-eliasova/2517810524
Prodej bytu 1+1 42 m²,"Pštrossova, Praha - Nové Město",7 490 000 Kč,42m2,null,Cihlová,Dobrý,null,3. podlaží z celkem 5,null,3m2,null,null,Třída G - Mimořádně nehospodárná,null,Y,null,null,null,null,null,"Nabízíme k prodeji pěkně řešený klasický byt o velikosti 1+1 o celkové výměře 42,1 m2 v osobním vlastnictví na Praze 1, ul. Pštrossova s množstvím zachovaných původních architektonických prvků. Byt se nachází ve 3. patře historického cihlového domu s výtahem v těsné blízkosti Myslíkovi ulice, Národního divadla, z druhé strany Karlova náměstí a dále s pěší dostupností ke břehu Vltavy a k takzvané pražské Náplavce.Interiér tvoří vstupní chodba s množstvím úložného prostoru, prostorný obývací pokoj s původním, víceúčelovým, patrovým prostorem, nově zrekonstruovaná kuchyňská linka, velká koupelna s vanou, samostatná toaleta, komora a spíž. Z chodby vstup do menší ložnice. Po celém bytě je plovoucí podlaha, velká dřevěná okna. V domě se nachází společný plynový kotel pro ohřev teplé vody a vytápění.Nejbližšími stanicemi MHD jsou tramvajová zastávka Myslíkova nebo stanice metra Karlovo náměstí a Národní třída. Jedná se o ulici s plnou občanskou vybaveností v okolí, jakou jsou například školy a školky, množství obchodů a kvalitních restaurací, v pěší dostupnosti. Byt se je orientovaný do tichého vnitrobloku a poskytuje klid pro pohodlné bydlení v historickém centru města. Možnost parkování v Modré zóně. Energetická náročnost budovy: Třída G - Energetický štítek budovy (PENB) nebyl dodán. Doporučujeme prohlídku. Rádi Vám pomůžeme s financováním této nemovitosti. Pro více informací volejte makléře.",https://sreality.cz/detail/prodej/byt/1+1/praha-nove-mesto-pstrossova/2711907676
Prodej bytu 1+1 34 m²,"Bramboříková, Praha 10 - Záběhlice",3 450 000 Kč,34m2,34m2,Panelová,Velmi dobrý,Klidná část obce,8. podlaží z celkem 12,null,Y,null,null,Třída G - Mimořádně nehospodárná č. 78/2013 Sb. podle vyhlášky,Částečně,Y,Dálkový vodovod,Plynovod,null,null,null,"Světlý byt 1+1 o celkové výměře 34 m2, který se nachází v sedmém patře panelového domu s dvěma výtahy. Byt je po celkové rekonstrukci : zděné jádro, koupelna se sprchovým koutem, WC odděleně, nová kuchyňská linka s plynovou deskou a elektrickou troubou, na podlaze dlažba a kvalitní PVC, na stěnách štuk, nová elektroinstalace v mědi. Plastová okna s úžasným výhledem na panoráma Prahy. K bytu náleží komora na patře. Dům je po celkové revitalizaci : fasáda + zateplení, nové výtahy, okna, stoupačky, střecha. Osobní vlastnictví, nízké měsíční náklady, možnost financovat hypotečním úvěrem. Třída G - Mimořádně nehospodárná – Energetický štítek budovy (PENB) nebyl dodán, po dodání upravíme",https://sreality.cz/detail/prodej/byt/1+1/praha-zabehlice-bramborikova/1909615964
Prodej bytu 1+1 33 m²,"Pod Havlínem, Praha 5 - Zbraslav",2 790 000 Kč,33m2,33m2,Cihlová,Velmi dobrý,Klidná část obce,1. podlaží z celkem 4 včetně 1 podzemního,null,2m2,null,null,null,Částečně,null,Dálkový vodovod,null,230V,Veřejná kanalizace,"Telefon, Internet","Přímý vlastník nabízí k prodeji bytovou jednotku v osobním vlastnictví, dispozičně řešenou jako 1+1 o celkové výměře 33m2 ve sníženém přízemí cihlového rodinného domu ve Zbraslavi – ulice Pod Havlínem. Samotný dům má pouze 5 bytových jednotek a obrovskou výhodou je podíl na společné zahradě, která je za domem. Dům je v dobrém stavu, v roce 2020 se dělala nová střecha, plánují se nové vstupní dveře a výměna nových plastových oken ve společných prostorách domu. Co se týče bytové jednotky, tak ta je po částečné rekonstrukci v dobrém udržovaném stavu. Dispozici tvoří předsíň s kuchyňským koutem, dále jeden samostatný obývací pokoj a koupelna s toaletou a sprchovým koutem. Podlahy jsou v kuchyni a koupelně tvořeny dlažbou, v obývacím pokoji je plovoucí podlaha. Topení je řešeno pomocí elektrických radiátorů. Okno v obývacím pokoji je v plastu. Součástí prodeje je i podíl na společném sklepním prostoru v domě. Okolí domu je bohaté na zeleň a poskytuje mimo jiné i dostatek sportovního vyžití. Jedná se o klidnou vilovou oblast. Je zde veškerá dostupná občanská vybavenost. V blízkosti je zastávka autobusu s častými intervaly a přímým spojením na Smíchovské nádraží. Vzhledem k poloze je jednotka ideální jak pro vlastní bydlení, tak na investici dlouhodobého pronájmu. Možno financovat hypotečním úvěrem.",https://sreality.cz/detail/prodej/byt/1+1/praha-zbraslav-pod-havlinem/1853885788
Prodej bytu 1+1 43 m² (Podkrovní),"Senovážné náměstí, Praha 1 - Nové Město",7 200 000 Kč,43m2,43m2,Cihlová,Velmi dobrý,Centrum obce,7. podlaží z celkem 7,null,null,null,null,Třída G - Mimořádně nehospodárná,Částečně,Y,Dálkový vodovod,null,230V,Veřejná kanalizace,"Telefon, Internet, Ostatní","Prodej podkrovního bytu 1+1 o 42,5m2 v OV na Praze 1 - Senovážné náměstí. Byt je situován v 6. patře cihlového domu s výtahem na konci chodby. Náročná rekonstrukce zde proběhla v roce 2005, drobné opravy pak v 11/2020. Podlahy: repasované parkety v obytných místnostech, dlažba a obklady v koupelně, na toaletě, v šatně.  Dispozice: otevřená vstupní hala do jídelny s kuchyní, kuchyňská linka na míru zn. Koryna včetně kvalitních spotřebičů Gorenje v nerezovém provedení (digestoř, varná deska, horkovzdušná trouba, lednice s mrazničkou); šatna a dále pak úložné prostory nad šatnou; koupelna s vanou (prostor na pračku/sušičku); samostatná toaleta; pokoj. Byt nabízí velké možnosti úložných prostorů díky vysokým stropům i ve slepých prostorách střechy.  Panoramatický výhled na centrum Prahy - dětské hřiště hned u domu. Veškerá občanská vybavenost v dochozí vzdálenosti, MHD - tram, metro, vlak. Vhodné jak pro manažery, tak pro investici s následným pronájmem - velmi nízké měsíční náklady.  Jako zajímavost pro případné investory lze zvážit zvětšení bytu o sousedící nebytové prostory, jež SVJ využívá momentálně jako sušárnu. Byt také sousedí přímo s prostorem půdy. PENB nebyl ještě zhotoven, proto se uvádí dle zákona nejhorší třída náročnosti = G. Více informací nebo pro zajištění prohlídky volejte makléře.",https://sreality.cz/detail/prodej/byt/1+1/praha-nove-mesto-senovazne-namesti/2088111196
Prodej bytu 1+1 27 m²,"Rumburská, Praha 9 - Střížkov",3 650 000 Kč,27m2,27m2,Panelová,Velmi dobrý,Centrum obce,2. podlaží z celkem 8,null,null,null,null,Třída G - Mimořádně nehospodárná č. 264/2020 Sb. podle vyhlášky,N,Y,null,Plynovod,null,Veřejná kanalizace,null,"Ve výhradním zastoupení majitele nabízíme k prodeji slunný byt v OV s dispozicí 1+1 o velikosti  27m2, v ul. Rumburská, Praha 9- Střížkov. Byt je útulný a velmi prakticky řešený, nachází se v 2. nadzemním patře udržovaného klidného panelového domu, který je po kompletní revitalizaci. Okna s výhledem do zeleně jsou situována na jižní stranu. Byt prošel rekonstrukcí a jeho velkou výhodou je prostorná lodžie. K bytu náleží komora na patře vedle vchodových dveří. Vynikající dostupnost do centra města metrem linky C ze stanice Střížkov, která je vzdálena do 3 min. chůze; autobusová zastávka přímo u domu. V blízkosti je veškerá občanská vybavenost. S financováním prostřednictvím hypotečního úvěru, Vám rádi zdarma pomůžeme.",https://sreality.cz/detail/prodej/byt/1+1/praha-strizkov-rumburska/2098097500
Prodej bytu 1+1 30 m²,"Bachova, Praha 4 - Chodov",3 444 000 Kč,30m2,30m2,Panelová,Velmi dobrý,Centrum obce,6. podlaží z celkem 12,null,null,null,null,Třída C - Úsporná č. 264/2020 Sb. podle vyhlášky,N,Y,null,Plynovod,null,Veřejná kanalizace,null,"Ve výhradním zastoupení majitele nabízíme k prodeji útulný byt v OV o velikosti 1+1, 30m2, v ul. Bachova, Praha 11- Chodov. Byt se nachází v 6. patře udržovaného klidného 11ti patrového panelového domu, který je po kompletní revitalizaci. Okna s překrásným výhledem do zeleně jsou situována na jižní stranu. Byt prošel nově kompletní rekonstrukcí: nové rozvody elektřiny, vody a odpadů v kuchyni, nově zbudovaná zděná koupelna s vanou a WC, nová plovoucí podlaha v kuchyni a obývací části, v předsíni a koupelně s WC je nová dlažba. Součástí bytu je sklep. Bezproblémové parkování před domem. Vynikající dostupnost do centra městem metrem linky C ze stanice Opatov, která je vzdálena do 5 min. chůze; autobusová zastávka přímo u domu. V blízkosti je veškerá občanská vybavenost. Autobusová zastávka pouze 1 min pěšky. V blízkosti je škola (přímo za domem, s docházkou po chodníku, tedy bez nutnosti přecházet silnice), školka, les, park, dětské hřiště, prodejny Albert, JYSK , obchodní centrum Chodov, pošta, policie, úřad, sportoviště. S financováním, prostřednictvím hypotečního úvěru, Vám rádi zdarma pomůžeme. Bližší informace získáte u makléře.",https://sreality.cz/detail/prodej/byt/1+1/praha-chodov-bachova/3749035356
Prodej bytu 1+1 50 m²,"Na hroudě, Praha 10 - Strašnice",5 150 000 Kč,50m2,48m2,Cihlová,Velmi dobrý,null,1. podlaží z celkem 4,null,Y,null,null,Třída G - Mimořádně nehospodárná,null,N,null,null,230V,null,Internet,"Prodej bytu 1+1 s balkonem po celkové rekonstrukci, který se nachází na Praze 10 - Strašnice, nedaleko parku Gutovka, v ul. Na Hroudě. Bytová jednotka je v osobním vlastnictví a je situována v 1. NP (celkově ze 4. NP) cihlového domu. Celková užitná plocha bytu činí 50 m2. K bytu náleží sklepní prostor.  Byt je po celkové rekonstrukci - stěny, podlaha, koupelna, dveře, topení, elektřina. Nadstandardní dřevěná podlaha, sanita zn. Grohe, stmívatelné světlo v obývací místnosti a samozřejmostí je termostat v obývacím pokoji. Výhodou je přístup do bytu přes uzamykatelnou pavlač (2 m2) + podlahová plocha bytu (48 m2). Ve fotogalerii můžete vidět grafický návrh kuchyně i obývacího pokoje. Dům má ze strany do vnitrobloku hotovou novou fasádu, ze strany do ulice je oprava fasády naplánovaná v blízké době, stejně tak i dokončení sklepu. Ve vnitrobloku se nachází klidná soukromá zahrada s dětským hřištěm.  V bezprostřední blízkosti domu se nachází kompletní občanská vybavenost - MŠ, ZŠ, MHD (stanice metra A Strašnická, autobus i tramvaj), obchody, dětské hřiště, park, pošta, lékárna apod. a dále také restaurační, kulturní i sportovní vyžití. Číslo zakázky: 9164",https://sreality.cz/detail/prodej/byt/1+1/praha-strasnice-na-hroude/1808829532
Prodej bytu 1+1 44 m²,"Újezd, Praha 1 - Malá Strana",7 980 000 Kč,44m2,44m2,Cihlová,Velmi dobrý,null,3. podlaží,null,4m2,null,null,Třída G - Mimořádně nehospodárná č. 78/2013 Sb. podle vyhlášky,N,N,Dálkový vodovod,null,null,null,null,"Exkluzivně nabízíme k prodeji byt 1+1, 44 m2, cihla, OV, Újezd, Praha 1 - Malá Strana, 2. patro domu bez výtahu. Byt je po kompletní úspěšné rekonstrukci, dispozičně řešen předsíní, ze které se vstupuje do kuchyně a odtud je přístup dvoukřídlými dveřmi do pokoje, ve kterém je dřevěné patro na spaní. Orientace oken z pokoje na východní stranu s výhledem do vnitrobloku s parkovou úpravou. Na podlahách dubové parkety a keramická dlažba, nová kuchyňská linka s veškerými vestavnými spotřebiči, koupelna se sprchovým koutem, umyvadlem a otopným žebříkem, toaleta s umyvadlem a bidetovou sprchou je samostatná. Vytápění elektrokotlem, ohřev vody bojlerem. Nízké měsíční poplatky 2 135,- Kč + elektřina. K bytu náleží rovněž sklepní kóje cca 4 m2. Nemovitost je umístěna v centru Prahy naproti Petřínským sadům a nástupišti na lanovku. Atraktivní lokalita s veškerou vybaveností a výbornou dopravní dostupností ve velmi vyhledávané části Prahy. Jelikož není známa energetická třída PENB, v souladu s novelou zákona 406/2000 uvádíme nejhorší energetickou třídu, tedy G",https://sreality.cz/detail/prodej/byt/1+1/praha-mala-strana-ujezd/1532058716
Prodej bytu 1+1 24 m²,"Na Neklance, Praha 5 - Smíchov",3 120 000 Kč,24m2,null,Cihlová,Dobrý,null,1. podlaží z celkem 4,null,null,null,null,Třída G - Mimořádně nehospodárná,null,null,null,null,null,null,null,"Exkluzivně vám nabízíme ke koupi byt 1+1 v osobním vlastnictví v ulici Na Neklance, Praha 5 - Smíchov. Byt o ploše 24,4 m2 se skládá z pokoje (17 m2), kuchyně (4,4 m2) a koupelny s WC (3 m2). V kuchyni se nachází kuchyňská linka se dřezem, koupelna je vybavena sprchovým koutem, umyvadlem a záchodem. Byt se nachází v prvním patře, okna plastová, topení elektrické, ohřev vody v el. bojleru. V bytě proběhla v roce 2016 rekonstrukce, která zahrnovala  rozvody elektřiny a vody, nová plastová okna, obklady v koupelně, kuchyňskou linku, nové podlahy a dveře včetně vstupních - bezpečnostních. Dům stojí v blízkosti zastávek MHD, tramvaj 5 minut, metro 10 minut a přitom okolí je klidné, stranou od hlavních tahů. Měsíční náklady 2000,-Kč. Pokud vás tato nabídka zaujala, tak mě neváhejte kontaktovat a domluvte si prohlídku. Majitel si vyhrazuje právo prodat nemovitost nejvyšší nabídce.",https://sreality.cz/detail/prodej/byt/1+1/praha-smichov-na-neklance/367393884
Prodej bytu 1+1 40 m²,"Růžová, Praha 1 - Nové Město",6 750 000 Kč,40m2,null,Cihlová,Po rekonstrukci,null,4. podlaží,null,null,null,null,null,Y,N,null,null,null,null,null,"Nabízíme k prodeji krásný a kompletně zrekonstruovaný byt o dispozici 1+1 a celkové ploše 40 m2 ve třetím patře bytového domu v ulici Růžová na Novém Městě na Praze 1. Byt je velmi dobře dispozičně řešen a nabízí se jako kompletně zařízený: předsíň s vestavěnými zrcadlovými skříněmi; koupelna s toaletou a sprchovým koutem; hlavní místnost s dvoulůžkovou postelí, rozkládacím gaučem, šuplíkovou komodou, stolem a židlemi, TV a vestavěnými zrcadlovými skříněmi přes celou jednu stěnu pokoje; kuchyň s elektrickým sporákem, lednicí, mrzákem a mikrovlnou troubou. V kuchyni jsou navíc další velké úložné prostory sahající až do stropu. Vstup do bytu je přes pavlač, ze které jsou vstupy do dalších dvou bytů na patře. Všechna okna směřují na pavlač, do vnitrobloku. Podlahy jsou plovoucí a dlažba. Vedle dveří do bytu je uzamykatelná komora, která se dá též využít k uskladnění věcí a je v ní umístěn plynový kotel náležící k bytu. Vytápění a ohřev vody je na plyn, ostatní na elektřinu. Dům je velmi klidný, prošel v roce 2019 rekonstrukcí a má novou vnitřní fasádu. Nízké poplatky (struktura a výše na vyžádání). Byt je vhodný jak k trvalému bydlení, tak na investici za účelem dlouhodobých pronájmů či do budoucna i krátkodobých pronájmů pro turisty. Skvělá lokalita v srdci Prahy, pár kroků od Václavského náměstí. Kompletní občanská vybavenost v bezprostředním okolí, ideální dopravní dostupnost: metro A a C Muzeum, tramvaje v Jindřišské ulici, Hlavní nádraží.",https://sreality.cz/detail/prodej/byt/1+1/praha-nove-mesto-ruzova/1458912348
Prodej bytu 1+1 40 m²,"Kukelská, Praha 9 - Hloubětín",4 200 000 Kč,40m2,null,Panelová,Dobrý,null,4. podlaží,Y,Y,null,null,Třída G - Mimořádně nehospodárná,null,null,null,null,null,null,null,"Nabízíme k prodeji krásný slunný byt 1+1, 40m2, ve 4. patře panelového domu v ulici Kukelská v Hloubětíně. Byt prošel v roce 2008 kompletní rekonstrukcí: zděné jádro, nová elektroinstalace, laminátové podlahy, v obývacím pokoji vyměněn radiátor, přípojka na plyn (možnost plynového sporáku), zasklená lodžie. Součástí bytu je i sklepní kóje. Společné prostory domu i výtah rovněž po celkové rekonstrukci. V okolí domu veškerá občanská vybavenost.",https://sreality.cz/detail/prodej/byt/1+1/praha-hloubetin-kukelska/969375068
Prodej bytu 1+1 38 m²,"Dvořišťská, Praha 9 - Kyje",3 321 000 Kč,38m2,35m2,Panelová,Velmi dobrý,null,2. podlaží,null,null,null,null,Třída C - Úsporná č. 78/2013 Sb. podle vyhlášky,Y,N,Dálkový vodovod,Plynovod,230V,null,null,"Nabízíme k prodeji velmi hezký a světlý byt 1+1 o výměře 34,7m2 v osobním vlastnictví, lokalita Praha 9 - Kyje. Byt se nachází ve druhém nadzemním podlaží třípatrové budovy v klidné čtvrti Prahy. K dispozici je obývací pokoj, kuchyně, koupelna a WC. K bytu patří sklep o velikosti 3m2. Budova prošla rekonstrukcí v roce 2019. V blízké dostupnosti stanice Metro Rajská zahrada a autobusová zastávka. Bližší info telefonicky.",https://sreality.cz/detail/prodej/byt/1+1/praha-kyje-dvoristska/967847260
Prodej bytu 1+1 54 m²,"Dělnická, Praha 7 - Holešovice",6 490 000 Kč,54m2,null,Cihlová,Před rekonstrukcí,null,1. podlaží,null,3m2,null,null,Třída G - Mimořádně nehospodárná,null,Y,null,null,null,null,null,"Nabízíme Vám na prodej byt o dispozici 1+1 o celkové výměře 54m2. Byt v osobním vlastnictví nacházející se ve velmi žádané a atraktivní lokalitě na adrese Dělnická, Praha - Holešovice.  Holešovice mají výtečnou dopravní dostupnost do centra města. Na metro, vlak, tramvaj nebo autobus dojdete pohodlně pěšky. Jsou také místem, kde si ráno můžete vychutnat snídani ve své oblíbené kavárně, večer prožít gurmánsky zážitek v kvalitní restauraci nebo si zajít do baru na skleničku. Rodiny s dětmi jistě ocení blízkost školy, školky, dětských hřišť, lékárny či potravin. V blízkém okolí je pak k dispozici například fitness, cyklostezka, plavecký bazén či nově revitalizovaný městský park Stromovka, muzea či galerie. Případné financování nemovitosti hypotečním úvěrem zajistíme",https://sreality.cz/detail/prodej/byt/1+1/praha-holesovice-delnicka/1645808988
Prodej bytu 1+1 51 m²,"U Průhonu, Praha 7 - Holešovice",6 190 000 Kč,51m2,40m2,Skeletová,Novostavba,Klidná část obce,6. podlaží z celkem 7 včetně 1 podzemního,12m2,2m2,1,null,Třída A - Mimořádně úsporná,Y,Y,Dálkový vodovod,null,230V,null,"Internet, Kabelová televize","Prodej bytu 1+1/L + parkovací stání, o celkové výměře 51 m2 (bytová plocha 40 m2, lodžije  12 m2, sklep 1,85 m2).  Byt se nachází v novostavbě z roku 2020, v 5. patře domu, s jižní orientací. Výhled do klidného vnitrobloku (byt je naprosto tichý).Zasklená lodžije, venkovní hliníkové rolety na elektronické ovládání. Na zemi dřevěná podlaha dekor dub a dlažba.  Byt je vybaven kuchyňskou linkou IKEA s indukční varnou deskou, vestavěnou lednicí, elektrickou troubou, myčkou na nádobí.Prostorná koupelna s vanou a toaletou (v koupelně umístěna pračka). Moderní design. Byt lze přenechat včetně některého zařízení (vše v ceně). K bytu náleží sklepní koje a parkovací stání umístěné v suterénu domu.  Bytový komplex ""Vivus Argentinská"" zajišťuje nadstandarní moderní bydlení v atraktivní lokalitě Holešovic.  Veškerá občanská dostupnost v těsném okolí.  Metro cca 8 minut chůze (nádraží Holešovice).Ihned k předání. RK Nevolat, jsme realitni kancelář.",https://sreality.cz/detail/prodej/byt/1+1/praha-holesovice-u-pruhonu/752885084
Prodej bytu 1+1 39 m²,"Jakubská, Praha 1 - Staré Město",7 490 000 Kč,39m2,39m2,Cihlová,Velmi dobrý,null,3. podlaží z celkem 4 včetně 1 podzemního,null,Y,null,null,Třída D - Méně úsporná č. 78/2013 Sb. podle vyhlášky,Y,N,Dálkový vodovod,Plynovod,null,null,null,"Hledáte investici či klidné bydlení v centru Prahy? Pak Vám nabízíme prodej krásného bytu 1+1 situovaného ve 3. nadzemním podlaží domu v klidné ulici Jakubská, Praha 1 – Staré město. Jednotka s celkovou plochou 39 m2, jež se prodává kompletně zařízená, se sestává z předsíně, kde je vstup do právě zrekonstruované koupelny se sprchovým koutem, kuchyně s vestavěnými spotřebiči a do velkého pokoje (na podlaze položena kvalitní, renomovaná dřevěná podlaha), jež nabízí hezký výhled do ulice Jakubská. Byt je momentálně krátkodobě pronajímaný naší společností s velmi zajímavými příjmy, v případě zájmu je možné v nájmu dále pokračovat či ho obratem zrušit.  Nechcete ztrácet čas? V případě zájmu Vám rád pošlu odkaz na virtuální prohlídku, abyste měli úplnou představu o nabízené nemovitosti (360C prohlídka s možností orientace ve videu dle vašich představ).  K bytové jednotce náleží sklepní kóje a menší místnost na patře.Nemovitost je možné financovat hypotečním úvěrem, který Vám rádi bezplatně zprostředkujeme, na míru připravíme a najdeme nejlepší možné řešení od veškerých bank na trhu, a to se sazbou nižší až o 0,5% ze standardních sazeb. Získáváte rovněž bezplatné služby našeho hypotečního oddělení, po celou dobu trvání Vaší hypotéky. V případě, že si vezmete úvěr výhradně přes naši společnost, poskytneme Vám slevu 10.000,- Kč z naší provize.",https://sreality.cz/detail/prodej/byt/1+1/praha-stare-mesto-jakubska/798556
Prodej bytu 1+1 55 m²,"Novgorodská, Praha 10 - Vršovice",4 990 000 Kč,55m2,null,Cihlová,Dobrý,null,1. podlaží z celkem 6 včetně 1 podzemního,null,Y,null,null,null,Částečně,null,null,null,null,null,null,"Ve výhradním zastoupení Vám nabízíme k prodeji velmi útulný a zařízený byt 1+1 o výměře 54,9 m², který se nachází v 1. NP bytového domu v klidné ulici Novgorodská nedaleko centra Prahy.Dispozici bytu tvoří předsíň (6,9 м2) s velkou vestavěnou skříní, obytná místnost (16,4 m2) s  vybaveným kvalitním kuchyňským koutem a technikou, světlá prostorná ložnice (21,4 m2), koupelna s vanou a umyvadlem (3,2 m2),  samostatné WC (1,4 m2) a komora (1,4 m2). K bytu náleží i sklep (4,2 m2) v suterenu budovy. Na podlahách v bytě jsou plovoucí podlahy a dlažba. V bytě jsou také dva bojlery na vodu a topení. Zařízení resp. vybavení bytu může být po dohodě součástí prodeje.Byt je v osobním vlastnictví, v velmi dobrém stavu, bezproblémové sousedy. Provozními náklady činí сca 3000,-Kč + elektřina a plýn.Tato lokalita je velmi žádaná především pro klidný život a snadnou dostupnost centra Prahy. Veškerá občanská vybavenost, služby v dosahu několika málo minut pěšky či MHD. V blízkém okolí se nachází Havlíčkovy sady (neboli Grébovka) - příjemný a plný zeleně historický park, inspirovaný italskou renesancí. Jedná se o ideální variantu bytu k pronájmů jako investiční záměr, stejně tak je to vhodná nabídka například pro mladé jako startovací bydlení. Možnost financování za pomocí hypotéčního úvěru, který Vám naši finanční specialisté nabídnou co nejblíže Vašim představám a finančním možnostem.Pokud Vás tato nabídka zaujala, neváhejte mě kontaktovat, a velmi ráda si s Vámi dohodnu termín osobní prohlídky.",https://sreality.cz/detail/prodej/byt/1+1/praha-vrsovice-novgorodska/788663644
Prodej bytu 1+1 23 m²,"Na Lysinách, Praha 4 - Hodkovičky",2 499 999 Kč,23m2,23m2,Panelová,Dobrý,null,5. podlaží,null,null,null,null,Třída D - Méně úsporná č. 78/2013 Sb. podle vyhlášky,N,N,Dálkový vodovod,null,null,null,null,"Exklusivně klidný OV ateliér - nyní využívaný jako byt 1+1, 23m2, se nachází na Praze 4, v rezidenční vilové části Hodkovičky, na ulici Na lysinách. Ateliér byl vytvořen jako nástavba na panelový dům z roku 1992. V roce 2020 byla dokončena celková rekonstrukce celého domu, včetně plynové kotelny v domě). Byt je řešen přes obdélníkovou chodbu s jednotlivým vstupy do kuchyňky s elektrickým dvouvaříčem a ledničkou, dále obývací pokoj, koupelna. Zajímavý byt je nyní vyklizen, určité fotografie ukazují jak lze byt zařídit pro 1-2 osoby např. s rozkládací sedačkou. Poplatky k bytu jsou pouze 1.976,-Kč, včetně fondu oprav ve výši 639,-Kč. Zajímavá investice, kterou lze ihned pronajmout. Těšíme na Vás Petr Kohout",https://sreality.cz/detail/prodej/byt/1+1/praha-hodkovicky-na-lysinach/4158864732
Prodej bytu 1+1 37 m²,"Tenisová, Praha 10 - Hostivař",3 560 000 Kč,37m2,37m2,Panelová,Velmi dobrý,Sídliště,4. podlaží z celkem 6 včetně 1 podzemního,6m2,2m2,null,null,Třída G - Mimořádně nehospodárná,null,Y,Dálkový vodovod,Plynovod,230V,Veřejná kanalizace,null," Ve výhradním zastoupení nabízíme příjemný byt v osobním vlastnictví s dispozicí 1+1 (2+kk), 35 m2, 3. patro revitalizovaného panelového domu s výtahem, v blízkosti lesoparku Hostivař.Menší chodba s vestavěnou skříní,  světlá kuchyně a ložnice situovány do klidné ulice a zeleně. Jádro původní umakartové. K dispozici sklepní kóje 2 m2 a lodžie 6 m2 na chodbě (společná se sousedním bytem). Orientace bytu na jih.Plastová okna, nové stoupačky, na podlahách PVC a zachovalé parkety v ložnici.Byt je v původním udržovaném stavu.Klidné bydlení v atraktivní lokalitě s výbornou dopravní dostupností a občanskou vybaveností, v docházkové vzdálenosti lesopark Hostivař.Poplatky cca 4.500 měsíčně.Financování hypotečním úvěrem pomůže zajistit naše hypoteční centrum.Číslo zakázky  N88842      Pro komunikaci uvádějte evidenční číslo zakázky N88842.",https://sreality.cz/detail/prodej/byt/1+1/praha-hostivar-tenisova/2883456348
Prodej bytu 1+kk 32 m²,"U Pergamenky, Praha 7 - Holešovice",4 422 692 Kč,32m2,32m2,Cihlová,Novostavba,null,6. podlaží,4m2,null,null,null,Třída B - Velmi úsporná č. 78/2013 Sb. podle vyhlášky,N,Y,null,null,230V,null,"Internet, Kabelová televize","Krásný nový byt 1+kk o podlahové ploše 32,30 m2 s lodžií (3,80 m2) v žádané čtvrti Holešovice od společnosti FINEP. Výhodou bydlení v novostavbě je, že si můžete uzpůsobit byt podle svého vkusu. V naší nabídce naleznete velké množství podlah, obkladů, interiérových dveří a mnoho dalšího, ze kterého vytvoříte vaše vysněné bydlení. Tato etapa nabízí celkem 131 nových bytů v sedmipodlažní budově.Architektonicky netradičně řešený projekt nabídne unikátní vnitroblok s industriální atmosférou, doplněnou o umělecká díla, vodní prvky a vznik nového náměstíčka se službami. Odborná porota ocenila Pergamenku jako projekt roku 2019 na Praze 7.Holešovice mají výtečnou dopravní dostupnost do centra města. Na metro, vlak, tramvaj nebo autobus dojdete pohodlně pěšky. Jsou místem, kde si ráno můžete vychutnat snídani ve své oblíbené kavárně, večer prožít gurmánsky zážitek v kvalitní restauraci nebo si zajít do baru na skleničku. Rodiny s dětmi jistě ocení blízkost školy, školky, dětských hřišť, lékárny či potravin. V blízkém okolí je pak k dispozici fitness, cyklostezka, plavecký bazén či nově revitalizovaný městský park Stromovka, muzea či galerie.Naše společnost FINEP se na trhu s nemovitostmi pohybuje již od roku 1995 a dlouhodobě jsme v TOP 3 největších developerů v rezidenčním i administrativním segmentu v České republice.Předpokládaný termín dokončení projektu 12/2022.Fotografie a vizualizace jsou ilustrativního charakteru-domluvte si s námi schůzku pro bližší informace.Při kontaktu prosím uvádějte evidenční číslo T2AA10502",https://sreality.cz/detail/prodej/byt/1+kk/praha-holesovice-u-pergamenky/2759245148
Prodej bytu 1+1 32 m²,"Jabloňová, Praha 10 - Záběhlice",4 140 000 Kč,32m2,32m2,Panelová,Velmi dobrý,Rušná část obce,10. podlaží z celkem 21,2m2,null,null,null,Třída G - Mimořádně nehospodárná,Částečně,Y,Dálkový vodovod,null,230V,Veřejná kanalizace,null,"Nabízíme vám ke koupi byt 1+1 o velikosti 33 m2 s lodžií (2 m2), v 9.patře panelového domu v Praze Záběhlice, ulice Jabloňová. Byt je upravený na 2+KK, vhodný pro dvě osoby. Bytový dům má v přízemí recepci, která je k dispozici 24/7, v domě jsou 3 výtahy, osobní a jeden nákladní na stěhování, v přízemí domu je k využití sušárna a prádelna.Na každém patře je 13 bytů, přesto je v bytě klid.Po vstupu do bytu je menší chodbička, z níž se jde samostatně do obývací částí s kuchyňským koutem a vstupem na lodžií, dále do ložnice, do koupelny a WC (jsou samostatné).V kuchyňském koutě jsou zabudované elektrospotřebiče - sklokeramická deska, trouba, myčka, dále je tam lednice a mikrovlnná trouba. Velkou výhodou je v bytě zabudovaná klimatizace, která v letních dnech zpříjemní pobyt ve vyšším patře domu. Okna v bytě jsou původní - pokoj s kuchyní, plastové - v ložnici.V pokojích jsou plovoucí podlahy, na chodbě, v koupelně a na WC je dlažba.V ložnici je velká vestavěná skříň, na chodbě je botník a další skříňka na uložení potřebných věcí.Orientace bytu je na jihozápad, náklady na bydlení činí cca 2 500,- Kč / měsíc + elektřina.V okolí domu je veškerá občanská vybavenost - škola, restaurace, obchody, poliklinika, lékárna, pošta. V blízkosti je dětské hřiště, nedaleko přírodní park Meandry Botiče.  Cca 50 metrů od domu je autobusová zastávka, na metro Skalka jsou to 4 zastávky, na tramvaj 3 zastávky nebo 10 min pěšky. Doporučujeme osobní prohlídku. Zajištění nejvýhodnějšího financování je pro nás samozřejmostí. Majitel si vyhrazuje právo prodat nemovitost nejvýhodnější nabídce. ID 56951",https://sreality.cz/detail/prodej/byt/1+1/praha-zabehlice-jablonova/4069666140
Prodej bytu 1+1 55 m²,"Kováků, Praha 5 - Smíchov",5 990 000 Kč,55m2,55m2,Cihlová,Velmi dobrý,Centrum obce,5. podlaží z celkem 5,null,null,null,null,Třída G - Mimořádně nehospodárná č. 264/2020 Sb. podle vyhlášky,Y,null,null,Plynovod,230V,Veřejná kanalizace,null,"Ke koupi Vám nabízím zajímavou investiční příležitost s hrubým ročním výnosem více než 4 %.  Jedná se o bytovou jednotku nacházející se v 5. nadzemním podlaží činžovního domu na Smíchově, v ulici Kováků. Byt v původní dispozici 1+1 o výměře 55 m2 je po kompletní rekonstrukci rozdělen na dvě menší samostatné jednotky. V každé jednotce je vlastní kuchyň i koupelna. Obě jednotky jsou obsazeny podnájemci, se kterými lze volitelně pokračovat v nájemním vztahu dle záměru kupujícího. Současné měsíční nájemné za Jednotku 1 je 13.500,- Kč + poplatky, za Jednotku 2 je 10.500,- Kč + poplatky. Celkem je tedy čistý měsíční nájem 24.000,- Kč + poplatky. Poloha domu, ve kterém se byt nachází, je zárukou stabilního zájmu nájemníků, a to i v současné době. Na metro B Anděl je to 2 minut chůze. V bezprostřední blízkosti domu je obchodní centrum, nespočet restaurací a kaváren, je zde skvělá doprvní obslužnost. Přesto se dům nachází v klidné ulici s výhledem do zeleně (Sady na Skalce) a s pohodlným parkováním. Prohlídky budou probíhat ve dnech 31.3. a 8. 4. 2021 po předchozí domluvě. Byt bude prodán nejlepší nabídce. Koupi lze samozřejmě financovat hypotečním úvěrem, s jehož vyřízením Vám pomůže náš zkušený poradce. Nenechte si ujít tuto zajímavou investičí příležitost. Těším se na viděnou na prohlídce!",https://sreality.cz/detail/prodej/byt/1+1/praha-smichov-kovaku/283651420
Prodej bytu 1+1 37 m²,"Argentinská, Praha 7 - Holešovice",4 500 000 Kč,37m2,37m2,Cihlová,Velmi dobrý,Klidná část obce,4. podlaží z celkem 8 včetně 2 podzemních,null,2m2,null,null,Třída G - Mimořádně nehospodárná,null,N,Dálkový vodovod,Plynovod,230V,Veřejná kanalizace,Telefon,"Světlý, útulný byt ve 4. nadzemním podlaží klasického cihlového domu sestává z předsíně, koupelny se sprchovým koutem, WC a umyvadlem, kuchyně s kuchyňskou linkou, obývacího pokoje a sklepní kóje. Místní společenství vlastníků jednotek spravuje vzorně dům, provádí průběžnou údržbu a opravy. Nová plastová okna, odsouhlasená montáž osobního výtahu. Bydlení téměř v centru Prahy, přitom klidné bydlení, okna do tichého dvora. Veškerá občanská vybavenost, obchody, služby a supermarkety v místě. Výborná dopravní dostupnost, zastávka autobusu MHD blízko domu, stanice metra Vltavská asi 400 metrů od domu. Byt ihned k dispozici.Byt lze financovat hypotečním úvěrem, který Vám v případě zájmu pomůžeme vyřídit.  PENB není zpracován, proto uvádíme třídu G.",https://sreality.cz/detail/prodej/byt/1+1/praha-holesovice-argentinska/937241948
Prodej bytu 1+1 34 m²,"Bílinská, Praha 9 - Prosek",3 496 000 Kč,34m2,34m2,Panelová,Velmi dobrý,null,3. podlaží,Y,Y,null,null,Třída G - Mimořádně nehospodárná č. 78/2013 Sb. podle vyhlášky,N,null,Dálkový vodovod,Plynovod,230V,null,null,"Nabízíme k prodeji byt 1+1 s lodžií, v osobním vlastnictví, velikost bytu 34m2, ulice Bílinská, Praha 9-Prosek. Byt se nachází ve druhém podlaží panelového domu a je po rekonstrukci. Nová plovoucí podlaha, nová elektřina, kuchyně i koupelna. K dispozici sklep. Nízké měsíční poplatky. K dispozici ihned. Bližší info telefonicky.",https://sreality.cz/detail/prodej/byt/1+1/praha-prosek-bilinska/1900232028
Prodej bytu 1+1 33 m²,Praha 1 - Nové Město,5 990 000 Kč,33m2,33m2,Smíšená,Dobrý,null,4. podlaží,null,Y,null,null,Třída G - Mimořádně nehospodárná č. 78/2013 Sb. podle vyhlášky,N,N,Dálkový vodovod,Plynovod,230V,null,Internet,"Příjemný a klidný byt s vysokými stropy se nachází v 3. podlaží zrekonstruovaného pavlačového domu stojícího téměř v centru Nového Města, v klidné ulici bez tramvaje a autobusu nedaleko Národní třídy.Současnou dispozici tvoří hlavní místnost s kuchyňským koutem, ložnice a menší koupelna s okny s výhledem na pavlač.Vybavení zahrnuje nová špaletová okna, jinak je byt spíše před rekonstrukcí. Vytápění nyní zajišťuji plynové WAW. K bytové jednotce přísluší sklepní prostor.Lokalita poskytuje veškeré výhody bydlení v centru – výběr z restaurací, kaváren, obchodů a kulturních institucí, perfektní dostupnost metrem i tramvají, ale také zelená zákoutí například na Slovanském nebo Střeleckém ostrově.Interiér 33,2 m2.Kromě běžných prohlídek nemovitostí nabízíme také videoprohlídky v reálném čase přes WhatsApp, FaceTime, Messenger, ad.",https://sreality.cz/detail/prodej/byt/1+1/praha-nove-mesto-/595512668
Prodej bytu 1+1 25 m²,"Žerotínova, Praha 3 - Žižkov",3 900 000 Kč,25m2,25m2,Cihlová,Dobrý,Centrum obce,3. podlaží z celkem 6,null,2m2,null,null,Třída G - Mimořádně nehospodárná,null,N,Dálkový vodovod,null,"230V, 400V",Veřejná kanalizace,null,"Dovoluji si Vám nabídnout útulný byt v žádané lokalitě Praha 3- Žižkov. Byt je dispozičně řešen jako jednopokojový s kuchyňským koutem. Výměra obytné plochy činí 25m2.  Jednotka se nachází ve 2.patře cihlového domu s výtahem.  Dispozici bytu tvoří předsíň, koupelna se sprchovým koutem a toaletou. Dále obývací pokoj s praktickým patrem na spaní a jednoduchá kuchyňská linka. Vytápění bytu zajišťují plynové WAW. Podlahovou krytinu tvoří kombinace dlažby v koupelně a plovoucí podlahy ve zbylé části bytu. Byt je situován do vnitrobloku. Byt je ideálním místem pro vlastní bydlení nebo na investici. V okolí kompletní občanská vybavenost - ZŠ, MŠ, restaurace, pošta, potraviny...Autobusová zastávka Černínova 3 minuty chůze.  Jednotku v osobním vlastnictví lze financovat hypotečním úvěrem se kterým Vám rádi pomůžeme a vyřídíme za těch nejlepších podmínek na trhu.Energetická náročnost není v současné době k dispozici, tudíž uvádíme nejhorší tedy G.",https://sreality.cz/detail/prodej/byt/1+1/praha-zizkov-zerotinova/1853943132
Prodej bytu 1+1 37 m²,"Okořská, Praha 8 - Čimice",3 500 000 Kč,37m2,null,Panelová,Dobrý,Klidná část obce,2. podlaží z celkem 2,null,2m2,null,null,Třída G - Mimořádně nehospodárná,Částečně,Y,Dálkový vodovod,Plynovod,230V,Veřejná kanalizace,"Telefon, Internet, Satelit","Dovoluji si Vám nabídnout k prodeji příjemný a světlý byt 1+1 o velikosti 37,53 m2 v 2NP. Byt se nachází ve velmi klidné a žádané lokalitě nedaleko Botanické zahrady se spoustou zeleně a výbornou dostupností do centra města. Před několika lety prošel byt i dům rekonstrukcí (zděné jádro, zateplení, plastová okna a výtah). Výhodou bytu je velice zdařilá dispozice a množství úložných prostor. Součástí bytu je prostorná šatna a v chodbě naleznete vestavné skříně. Kuchyně je velmi světlá a má dostatek místa pro jídelní kout. V obývacím pokoji je vyvýšené patro na spaní. Byt je ideální k okamžitému nastěhování. K bytu náleží sklepní kóje. Parkování možné před domem.",https://sreality.cz/detail/prodej/byt/1+1/praha-cimice-okorska/1567448156
Prodej bytu 1+1 37 m²,"Plzeňská, Praha 6 - Řepy",5 435 710 Kč,37m2,null,Cihlová,Novostavba,Centrum obce,2. podlaží z celkem 3 včetně 2 podzemních,null,Y,Y,null,Třída A - Mimořádně úsporná,null,Y,Dálkový vodovod,Plynovod,null,Veřejná kanalizace,"Telefon, Internet","Nabízíme byt 1+1 s terasou v novém komorním projektu Obytný soubor LESOPARK MOTOL. Jedinečný projekt je bezprostředně obklopený zelení aktivního lesoparku Řepy a přírodního parku Košíře-Motol, má výbornou dopravní dostupností do centra i na letiště a s plnou občanskou vybaveností v dochozí vzdálenosti.Nízkopodlažní bytové domy jsou bez ohledu na velkou časovou stavební náročnost postaveny z klasických cihelných bloků, což zaručuje výtečný akustický komfort a zdravé bydlení.Cílem projektu je poskytnout moderní, prosvětlený, vzdušný prostor pro bydlení s citem pro jednotlivý detail.  Byty jsou navrženy ve vysokém standardu, za použití těch nejkvalitnějších materiálů a moderních technologií. Ke každému bytu náleží terasa, v případě přízemních bytů předzahrádka s orientací na jih. Samozřejmostí jsou sklepní kóje pro každý z bytů a minimálně jedno garážové stání v podzemní garáži.",https://sreality.cz/detail/prodej/byt/1+1/praha-repy-plzenska/3016723804
Prodej bytu 1+1 27 m²,"Ortenovo náměstí, Praha 7 - Holešovice",3 880 000 Kč,27m2,27m2,Cihlová,Velmi dobrý,Centrum obce,7. podlaží z celkem 7,null,2m2,null,null,Třída G - Mimořádně nehospodárná č. 264/2020 Sb. podle vyhlášky,Částečně,Y,null,Plynovod,230V,Veřejná kanalizace,Internet,"Nabízíme úžasný byteček  v ideální poloze skvělé pražské čtvrti Holešovice. Jedná se o bytovou jednotku v posledním patře cihlového domu na Ortenově náměstí, Praha 7, Holešovice. Cihlový dům je celý po rekonstrukci, zateplený, nový výtah, obnovená společná elektřina,  vodovodní a odpadní stoupačky, plastová okna.Poloha bytu v domě je v klidném sousedství, kontakt z jedné strany pouze přes koupelnu, z druhé domovní schodiště, seshora nikdo.  Metro C Holešovice 5 min pěšky, tramvajová zastávka Ortenovo náměstí 2 minuty. Do centra Prahy cca 10 min. Dvě stanice tramvaje do Stromovky.Byt tvoří obývací pokoj o velikosti 18m2 (5,95 m x 3,20 m), s dvěma okny a se vstupem na nádhernou terasu o velikosti 11m2 (1,7m x 6,2m). Výhled je na západní stranu  směrem k Vltavě. K bytu náleží vstupní prostor s kuchyňskou linkou a spíží a koupelna s vanou , WC a pračkou. Vstupní dveře jsou bezpečnostní, okna mají vnitřní žaluzie, podlaha původní dubové parkety.Vzhledem k rozloze oken a poloze vstupních dveří  lze v obývacím prostoru vytvořit uzavřený prostor pro dvojlůžko, vlastně  tedy 2+kk.Topení je dálkové, rozvod teplé a studené  vody. Kompletní poplatky včetně fondu oprav a  spotřeby  el.energie se pohybují kolem 2.500 - 3.000Kč . K bytu náleží sklepní kóje. V domě společná kočárkárna.PENB vyžádám na SVJ, ale dům je zateplený, tudíž bude třída vyšší než G.V bytě zůstane vybavení.Byt je dostupný k nastěhování k 1.5.2021. Během následujících dvou let dojde k dokončení výstavby podstatné části sousedícího developerského projektu Pergamenka, přímo před terasou tohoto bytu bude nádherný výhled do parku včetně kaváren a restaurací.Pokud  budete mít zájem, pošlu Vám kontakt na video objektu .",https://sreality.cz/detail/prodej/byt/1+1/praha-holesovice-ortenovo-namesti/2711129436
Prodej bytu 1+1 34 m² (Podkrovní),"Plzeňská, Praha 5 - Smíchov",5 104 400 Kč,34m2,null,Cihlová,Velmi dobrý,Centrum obce,4. podlaží,null,3m2,null,null,null,N,Y,null,null,null,null,null,"Nabízíme k prodej nový pavlačový byt (A15) který se nachází ve 3.patře s výtahem, v osobním vlastnictví, o výměře 33,80 m2 a sklepem 2,66 m2,  situován v širším centru Prahy, v ulici Plzeňská.Světly byt 1+1, je s ložnicí, obývacím pokojem s kuchyňským koutem. Dále je zde koupelna s toaletou a technickou místnost,  okna jsou orientované do ulici, k bytu je krýti pavlačový balkon.Celý tento projekt rekonstruovaných bytů se prodává ve standardu white-wall a obsahuje více nových bytových jednotek k prodeji.Kolaudace projektu v červenci 2021, prohlídky možné ihned.",https://sreality.cz/detail/prodej/byt/1+1/praha-smichov-plzenska/1518972252
Prodej bytu 1+1 40 m²,"Horáčkova, Praha 4 - Krč",4 160 000 Kč,40m2,40m2,Panelová,Před rekonstrukcí,Klidná část obce,4. podlaží z celkem 12,6m2,null,null,null,Třída D - Méně úsporná,N,Y,null,null,null,null,"Telefon, Internet, Kabelová televize","Exkluzivně nabízíme ke koupi tichý a slunečný byt 1+1 s lodžií v osobním vlastnictví na Praze 4 Pankrác ulice Horáčkova. Bytová jednotka v původním stavu a určená k rekonstrukci dle představy nového majitele. Nabízí se i možnost změny dispozice na 2+kk. Byt má plochu 33m2 + 6m2 lodžie. Jedná se o 4 NP udržovaného panelového domu s orientací na jižní stranu a hezkým výhledem do volného prostoru a zeleně.   Dům prošel renovacemi: zateplení, výtah, schránky, společné prostory, střecha, stoupačky.  Velkou výhodou je občanská vybavenost této pražské části. Skvělá dostupnost na metro Pankrác a to pouhých 5 minut chůze. V těsném dosahu OC Arkády Pankrác, poliklinika, školy, školky, kavárny, zeleň, pošta, sportovní vyžití a mnoho dalšího. Pankrác je do budoucna skvělou volbou. Doporučuji osobní prohlídku.  Celkové náklady na byt činí 3.300 Kč / měsíc (z toho fond oprav cca 700 Kč).",https://sreality.cz/detail/prodej/byt/1+1/praha-krc-horackova/3540868188
Prodej bytu 1+1 39 m²,"Seifertova, Praha 3 - Žižkov",4 100 000 Kč,39m2,39m2,Cihlová,Velmi dobrý,null,1. podlaží z celkem 6,null,null,null,null,Třída D - Méně úsporná č. 78/2013 Sb. podle vyhlášky,N,null,null,null,null,Veřejná kanalizace,null,"Byt 1+1 o velikosti 39 m2 je svojí polohou a velikostí ideální investicí, nejen na krátkodobé pronájmy. Zastávka tramvaje Lipanská je 50 m od domu. 4 zastávky na Václavské náměstí. Díky umístění domu ve svahu je byt v 1.patře. Pokoj má okno orientované do vnitrobloku na zahradu, takže je zde ticho a klid. Vzhledem k vyššímu stropu lze zvažovat vybudování patra na spaní. Byt prošel kompletní rekonstrukcí včetně všech rozvodů, výměny dveří, okna, podlahy, koupelny a kuchyně. Je vytápěn elektrickými přímotopy a ohřev vody zajišťuje elektrický bojler umístěný v koupelně.  Nová kuchyňská linka je osazena vestavěnou dvouzónovou sklokeramickou deskou. V lince je umístěna pračka, lednice je samostatně stojící. WC je samostané, s umývátkem a je zde bojler na ohřev teplé vody. Sprchový kout a umývadlo jsou umístěny za kuchyní. V celém bytě jsou LED svítidla se stmívači na dálkové ovládání. K bytu náleží i podíl na společné zahradě ve vnitrobloku. Byt je v osobním vlastnictví a lze jej koupit ihned - je volný. S nejvýhodnějším financováním Vám rád poradí náš hypotéční poradce.",https://sreality.cz/detail/prodej/byt/1+1/praha-zizkov-seifertova/1574059100
Prodej bytu 1+1 39 m²,"Ke Strašnické, Praha 10 - Strašnice",Info o ceně u RK,39m2,null,Cihlová,Velmi dobrý,null,3. podlaží z celkem 5 včetně 1 podzemního,null,null,null,null,Třída D - Méně úsporná,null,Y,Dálkový vodovod,Plynovod,230V,Veřejná kanalizace,null,"Prodej bytu 1+1, užitná plocha bytu 39 m2, v osobním vlastnictví (lze financovat hypotečním úvěrem). Nachází se v 3. podlaží z 5. Byt je v původním stavu. Původní kuchyňská linka, zděná koupelna a WC. Na podlaze je dlažba, parkety a PVC. K bytu náleží sklep. Cihlový dům je po částečné rekonstrukci (nezateplená fasáda, rekonstruovaná střecha, výtah dle norem EU, původní vchod, plastová okna, vyměněné stoupačky). Klasifikační třída energetické náročnosti D. Majitel má právo prodat/pronajmout nemovitost nabídce, dle vlastního uvážení. Cena (kupní, nájemní) uvedená v inzerci RK je orientační a může být změněna/upravena dle vzájemného ujednání mezi prodávajícím a kupujícím, prostřednictvím RK. Všechny textové údaje v inzerci jsou orientační a mají pouze informační charakter, čímž nezavazují RK k uzavření jakýchkoliv smluv a nemají předsmluvní charakter. RK si vyhrazuje právo na vyjednávání s dalšími zájemci o koupi/nájem nemovitosti a to nejpozději do dne uzavření rezervační/nájemní smlouvy s konkrétním zájemcem.",https://sreality.cz/detail/prodej/byt/1+1/praha-strasnice-ke-strasnicke/1273887836
Prodej bytu 1+1 38 m²,"Na Žertvách, Praha 8 - Libeň",3 990 000 Kč,38m2,null,Cihlová,Dobrý,null,1. podlaží z celkem 5,null,Y,null,null,Třída G - Mimořádně nehospodárná,null,null,null,null,null,null,null,"Nabízíme k prodeji pěkný byt 1+1 na pěší zóně u stanice metra Palmovka. Veškerá občanská vybavenost, obchody, lékárna, bankomat atd. V docházkové vzdálenosti slepé rameno Vltavy nebo vysočanský park. Díky výborné dopravní dostupnosti a dispozici je vhodný jak pro bydlení, tak k investici. Po rekonstrukci vznikla z původní předsíně plně vybavená kuchyň. Z kuchyně vedou dveře na samostatné WC. V obývacím pokoji/ložnici je plovoucí podlaha, velkorysý úložný prostor, velký jídelní stůl a televizor. Odhlučnění z ulice zajištěno 5 vrstvými plastovými okny. Možnost zapojení vysokorychlostního internetu. Výhodou jsou velmi nízké měsíční náklady a vstup na dvorek situovaný do vnitrobloku.",https://sreality.cz/detail/prodej/byt/1+1/praha-liben-na-zertvach/720632924
Prodej bytu 1+1 28 m² (Mezonet),"Navrátilova, Praha 1 - Nové Město",5 290 000 Kč,28m2,28m2,Smíšená,Dobrý,Centrum obce,5. podlaží z celkem 5,null,null,null,null,Třída G - Mimořádně nehospodárná,Částečně,Y,Dálkový vodovod,null,230V,Veřejná kanalizace,null,"Dovolujeme si Vám nabídnout útulný mezonetový byt v osobním vlastnictví s exkluzivní polohou, v naprostém centru Prahy, jen pár kroků od Václavského náměstí a rozsáhlého parku na Karlově náměstí.Byt dispozice 1+1 o rozloze 28 m2 se nachází v nejvyšším, 5. patře bytového domu s výtahem. Přístup do tohoto patra je možný pouze za pomocí speciálního klíče, který získá jen vlastník bytu, čímž je zajištěn bezproblémový soukromý přístup osobám zde bydlícím nebo jejich nájemcům.Byt je specifický svým dispozičním řešením, které v centru Prahy jen těžko najdete. Nejvyšší patro domu je propojeno s podkrovím vyklápěcím schodištěm. V dolní části bytu naleznete obývací pokoj, kuchyň, koupelnu. V podkroví je příjemná ložnice se střešním oknem a krásným výhledem na Prahu. Okno v obývací části je do vnitrobloku a tím je byt velmi tichý.Okolí nabízí veškerou občanskou vybavenost, různé druhy škol a školek, restaurací, obchodů i vynikající dopravní obslužnost.Využití bytu je možné pro vlastní potřebu jako startovací byt, nebo díky atraktivní poloze jej můžete využít investičně pro krátkodobé nájmy.Průkaz energetické náročnosti budovy nebyl majitelem dodán, proto uvádíme třídu G.Koupi bytu lze financovat hypotečním úvěrem, který pokud budete chtít pro Vás zajistíme za těch nejlepších podmínek na trhu a pomůžeme vyřídit veškeré náležitosti hypotečního úvěru. Neváhejte nás kontaktovat, rádi Vás přivítáme na nezávislé prohlídce této nemovitosti.",https://sreality.cz/detail/prodej/byt/1+1/praha-nove-mesto-navratilova/2267037532
Prodej bytu 1+1 35 m²,"Letenská, Praha 1 - Malá Strana",8 800 000 Kč,35m2,null,Cihlová,Velmi dobrý,null,5. podlaží z celkem 5,null,Y,null,null,Třída F - Velmi nehospodárná,Y,Y,null,null,null,null,null,"Secesní dům po rekonstrukci s výtahem je umístěn v srdci Malé Strany, přímo mezi Valdštejnskou zahradou a Vojanovými sady. Jedinečná adresa v docházkové vzdálenosti od Kampy a Petřína vábí k procházkám v zeleni v centru metropole. Výbornou dostupnost zajišťuje stanice metra Malostranská a tramvajová zastávka Malostranské náměstí kousek od domu. Byt k prodeji o výměře 35 m2 má zcela unikátní výhledy na Pražský hrad a historické centrum Prahy. Interiér bytu tvoří velká obytná místnost s dvěma velkými okny situovanými k Pražskému hradu a Petřínu. Z obývacího části je vstup dloukřídlými dveřmi do samostatné kuchyně s oknem, na kterou navazuji praktický úložný prostor. U vstupu do bytu je umístěna koupelna s toaletou. Celý dům byt rekonstruovaný a výtah má vstup na podlaží bytů. V suterénu je moderní plynová kotelna a byty mají vlastní odečty spotřeby tepla a vody. Vybavení bytu tvoří kompletně vybavená kuchyňská linka, včetně spotřebičů, dřevěná špaletová okna, dřevěné plovoucí podlahy.",https://sreality.cz/detail/prodej/byt/1+1/praha-mala-strana-letenska/1186737756
Prodej bytu 1+1 128 m²,"Na Břehu, Praha 9 - Vysočany",1 950 000 Kč,128m2,128m2,Cihlová,Dobrý,null,1. podlaží z celkem 6,null,Y,null,null,Třída G - Mimořádně nehospodárná č. 78/2013 Sb. podle vyhlášky,Y,N,Dálkový vodovod,Plynovod,null,null,null,"Pouze na inevstici. Prodej id. spoluvlastnického podílu 31/130 (23 %) na třech bytech v Praze 9, Vysočanech, ulice Ba Břehu 17 s ročním výnosem 50 000 Kč. Jedná se podíl na jednotce č. 492/2 – byt v 1.NP, dispozičně řešený jako 1+kk o výměře 24,34 m2, dále podíl na jednotce 492/4 – byt v 1.NP dispozičně řešený jako 1+1 o výměře 48,7 m2 a podíl na jednotce 492/11 – byt v 4.NP dispozičně řešený jako 1+1 o výměře 54,7 m2 + 2 m2 balkon včetně příslušných podílů na společných částech domu a pozemky, zejména dvoru za domem. Celkový součet ploch bytů je cca 128 m2, kdy byty jsou pronajaty  prostřednictví SVJ, které následně vyplácí výnos.",https://sreality.cz/detail/prodej/byt/1+1/praha-vysocany-na-brehu/4080152156
