locations/id,locations/response/destination_addresses/0,locations/response/origin_addresses/0,locations/response/rows/0/elements/0/status,locations/response/status,locations/response/rows/0/elements/0/distance/text,locations/response/rows/0/elements/0/distance/value,locations/response/rows/0/elements/0/duration/text,locations/response/rows/0/elements/0/duration/value
https://reality.idnes.cz/detail/prodej/byt/praha-5-graficka/60488635347b7a450108d8a3/?s-et=flat&s-ot=sale&s-l=VUSC-19,"50.04658025100008,14.305064858000037","0,0",ZERO_RESULTS,OK,,,,
https://reality.idnes.cz/detail/prodej/byt/praha-8-v-mezihori/60243757cabd2d6ade353f73/?s-et=flat&s-ot=sale&s-l=VUSC-19,"50.04658025100008,14.305064858000037","0,0",ZERO_RESULTS,OK,,,,
https://sreality.cz/detail/prodej/byt/1+kk/praha-liben-hejtmankova/3724340572,"Na Hrázi 21, 180 00 Praha 8-Palmovka, Czechia","Hejtmánkova 828, 180 00 Praha 8-Libeň, Czechia",OK,OK,1.0 km,968,12 mins,727
https://reality.idnes.cz/detail/prodej/byt/praha-8-hejtmankova/6023b5188e6e800d2c4679b3/?s-et=flat&s-ot=sale&s-l=VUSC-19,"Na Hrázi 21, 180 00 Praha 8-Palmovka, Czechia","Hejtmánkova 828, 180 00 Praha 8-Libeň, Czechia",OK,OK,1.0 km,968,12 mins,727
https://reality.idnes.cz/detail/prodej/byt/praha-10-mrstikova/6088efb8de4bc653693815a3/?s-et=flat&s-ot=sale&s-l=VUSC-19,"V Olšinách 200, 100 00 Praha-Strašnice, Czechia","Mrštíkova 408/10, 100 00 Praha-Strašnice, Czechia",OK,OK,0.4 km,371,5 mins,276
https://www.remax-czech.cz/reality/detail/298956/prodej-bytu-5-1-v-osobnim-vlastnictvi-100-m2-praha-9-vinor,"Černý Most, 198 00 Praha-Praha 20, Czechia","Uherská 625, 190 17 Praha-Vinoř, Czechia",OK,OK,5.4 km,5395,1 hour 7 mins,4022
https://reality.idnes.cz/detail/prodej/byt/praha-10-limuzska/604239027846e72ab70d175e/?s-et=flat&s-ot=sale&s-l=VUSC-19,"Depo Hostivař, 100 00 Praha-Praha 10, Czechia","Limuzská 2111/10, 100 00 Praha-Strašnice, Czechia",OK,OK,0.9 km,939,12 mins,718
https://reality.idnes.cz/detail/prodej/byt/praha-8-sokolovska/6006c17199ce1a62d07ac7c3/?s-et=flat&s-ot=sale&s-l=VUSC-19,"Palmovka 180 00, 180 00 Praha 8-Palmovka, Czechia","Sokolovská 1278, 180 00 Praha 8-Libeň, Czechia",OK,OK,0.4 km,427,5 mins,323
https://reality.idnes.cz/detail/prodej/byt/praha-5-podbelohorska/602cc76dbf830175321a7373/?s-et=flat&s-ot=sale&s-l=VUSC-19,"Liberijská 568, 160 00 Praha 6-Vokovice, Czechia","Podbělohorská 190/73, 150 00 Praha-Praha 5, Czechia",OK,OK,4.6 km,4578,59 mins,3547
https://reality.idnes.cz/detail/prodej/byt/praha-9-herdovska/5f89c4a93b6d154dc641bb53/?s-et=flat&s-ot=sale&s-l=VUSC-19,"Hloubětín, 198 00 Praha-Praha 14, Czechia","Vlkovická 668/3, 198 00 Praha 14-Kyje, Czechia",OK,OK,2.1 km,2146,26 mins,1586
https://reality.idnes.cz/detail/prodej/byt/praha-5-prvomajova/6064649525d57f1930132113/?s-et=flat&s-ot=sale&s-l=VUSC-19,"Lužiny, 155 00 Praha-Praha 13, Czechia","Prvomájová 564/5, 153 00 Praha-Radotín, Czechia",OK,OK,9.7 km,9719,2 hours 9 mins,7765
https://reality.idnes.cz/detail/prodej/byt/praha-8-sokolovska/6061ec4d62fd983c78598b33/?s-et=flat&s-ot=sale&s-l=VUSC-19,"Palmovka 180 00, 180 00 Praha 8-Palmovka, Czechia","Sokolovská 1278, 180 00 Praha 8-Libeň, Czechia",OK,OK,0.4 km,427,5 mins,323
https://reality.idnes.cz/detail/prodej/byt/praha-4-malovicka/606dc66697573f4835259fe3/?s-et=flat&s-ot=sale&s-l=VUSC-19,"Chodov, 148 00 Praha-Praha 11, Czechia","Malovická 2752, 141 00 Praha 4-Záběhlice, Czechia",OK,OK,2.5 km,2501,35 mins,2105
https://reality.idnes.cz/detail/prodej/byt/praha-4-na-jezerce/602e2466c61f213a5a2bbe12/?s-et=flat&s-ot=sale&s-l=VUSC-19,"Pankrác, 140 00 Praha-Praha 4, Czechia","Na Jezerce 4, 140 00 Praha 4-Nusle, Czechia",OK,OK,1.2 km,1155,16 mins,942
https://reality.idnes.cz/detail/prodej/byt/praha-8-cervena-ban/60658bb6752a893fe734b203/?s-et=flat&s-ot=sale&s-l=VUSC-19,"Na Hrázi 21, 180 00 Praha 8-Palmovka, Czechia","Červená báň 356/1, 180 00 Praha 8-Libeň, Czechia",OK,OK,1.3 km,1324,16 mins,932
https://reality.idnes.cz/detail/prodej/byt/praha-4-u-plynarny/6061953b5d7b494d7b1ac9b6/?s-et=flat&s-ot=sale&s-l=VUSC-19,"Kačerov, 141 00 Praha-Praha 4, Czechia","U Plynárny 500, 140 00 Praha 4-Michle, Czechia",OK,OK,2.8 km,2833,37 mins,2196
https://reality.idnes.cz/detail/prodej/byt/praha-4-u-plynarny/60619668e8cf2c73ca0714f3/?s-et=flat&s-ot=sale&s-l=VUSC-19,"Kačerov, 141 00 Praha-Praha 4, Czechia","U Plynárny 500, 140 00 Praha 4-Michle, Czechia",OK,OK,2.8 km,2833,37 mins,2196
https://reality.idnes.cz/detail/prodej/byt/praha-9-herdovska/5f881f4480862a5a2d0582e3/?s-et=flat&s-ot=sale&s-l=VUSC-19,"Hloubětín, 198 00 Praha-Praha 14, Czechia","Vlkovická 668/3, 198 00 Praha 14-Kyje, Czechia",OK,OK,2.1 km,2146,26 mins,1586
https://reality.idnes.cz/detail/prodej/byt/praha-9-nepomuckych/6077024f8520c350083cf943/?s-et=flat&s-ot=sale&s-l=VUSC-19,"Letňany, 199 00 Praha-Praha 18, Czechia","Nepomuckých 780, 199 00 Praha 18, Czechia",OK,OK,2.1 km,2130,26 mins,1589
https://reality.idnes.cz/detail/prodej/byt/praha-3-velehradska/6068d78d15774740e10ce253/?s-et=flat&s-ot=sale&s-l=VUSC-19,"Vinohradská 878, 130 00 Praha 3-Vinohrady, Czechia","Velehradská 3, 130 00 Praha 3-Vinohrady, Czechia",OK,OK,0.4 km,433,5 mins,299
https://reality.idnes.cz/detail/prodej/byt/praha-4-u-plynarny/6066acbea8dc1e634a74dcc3/?s-et=flat&s-ot=sale&s-l=VUSC-19,"Kačerov, 141 00 Praha-Praha 4, Czechia","U Plynárny 500, 140 00 Praha 4-Michle, Czechia",OK,OK,2.8 km,2833,37 mins,2196
https://reality.idnes.cz/detail/prodej/byt/praha-8-senovska/60533f611ecfce3a097170e3/?s-et=flat&s-ot=sale&s-l=VUSC-19,"Střížkov, 190 00 Praha-Praha 9, Czechia","Šenovská 34, 182 00 Ďáblice, Czechia",OK,OK,3.0 km,3026,39 mins,2326
https://sreality.cz/detail/prodej/byt/4+kk/praha-podoli-v-podhaji/3491577436,"Smíchovské nádraží, 150 00 Praha-Praha 5, Czechia","V Podhájí 1807, 147 00 Praha 4-Braník, Czechia",OK,OK,4.1 km,4077,50 mins,3029
https://www.prazskereality.cz/na-prodej-nove-zrekonstruovany-cihlovy-byt-2-kk-ktery-se-7309744.html,"Stroupežnického 253/1, Smíchov, 150 00 Praha-Praha 5, Czechia","Plzeňská 488, Smíchov, 150 00 Praha-Praha 5, Czechia",OK,OK,1.0 km,977,13 mins,757
https://reality.idnes.cz/detail/prodej/byt/praha-5-radounova/6051affd0dbae778b62d60f3/?s-et=flat&s-ot=sale&s-l=VUSC-19,"Stodůlky, 155 00 Praha-Praha 13, Czechia","Radouňova 417/5, 155 00 Řeporyje, Czechia",OK,OK,1.8 km,1821,24 mins,1457
https://reality.idnes.cz/detail/prodej/byt/praha-3-jicinska/6032e8d1a141d345bd7114d3/?s-et=flat&s-ot=sale&s-l=VUSC-19,"Flora, 130 00 Praha-Praha 3, Czechia","Přemyslovská 48/13, 130 00 Praha 3-Vinohrady, Czechia",OK,OK,70 m,70,1 min,60
https://www.prazskereality.cz/prostorny-byt-2-kk-s-orientaci-na-sever-o-celkove-obytne-7380880.html,"Na Hrázi 21, 180 00 Praha 8-Palmovka, Czechia","Konšelská 1011/17, 180 00 Praha 8-Libeň, Czechia",OK,OK,1.1 km,1114,13 mins,797
https://reality.idnes.cz/detail/prodej/byt/praha-18-ostravska/608a8eeb2f83525f0c5eccb2/?s-et=flat&s-ot=sale&s-l=VUSC-19,"Letňany, 199 00 Praha-Praha 18, Czechia","Ostravská 627, 199 00 Praha-Letňany, Czechia",OK,OK,1.8 km,1770,23 mins,1365
https://reality.idnes.cz/detail/prodej/byt/praha-5-prusanecka/6081611dc1ef71210b16f9e3/?s-et=flat&s-ot=sale&s-l=VUSC-19,"Zličín, 155 00 Praha-Zličín, Czechia","Prušánecká 492/3, 155 21 Zličín, Czechia",OK,OK,0.9 km,879,11 mins,650
https://reality.idnes.cz/detail/prodej/byt/praha-5-toufarova/6076d09e013e9110e9487aa3/?s-et=flat&s-ot=sale&s-l=VUSC-19,"Stodůlky, 155 00 Praha-Praha 13, Czechia","Toufarova 3015, 155 00 Řeporyje, Czechia",OK,OK,1.0 km,1028,14 mins,837
https://reality.idnes.cz/detail/prodej/byt/praha-6-radimova/5fa517db170e7607461ed593/?s-et=flat&s-ot=sale&s-l=VUSC-19,"Liberijská 568, 160 00 Praha 6-Vokovice, Czechia","Radimova 65, 169 00 Praha 6-Břevnov, Czechia",OK,OK,2.1 km,2138,29 mins,1762
https://reality.idnes.cz/detail/prodej/byt/praha-4-zalesi/5fa3fe04b0330e1b6714c1c3/?s-et=flat&s-ot=sale&s-l=VUSC-19,"Polikl. Budějovická, 140 00 Praha 4, Czechia","Zálesí 297/50, 142 00 Praha 4-Lhotka, Czechia",OK,OK,2.7 km,2664,35 mins,2087
https://reality.idnes.cz/detail/prodej/byt/praha-2-dittrichova/6079e760968911408e7f9313/?s-et=flat&s-ot=sale&s-l=VUSC-19,"Gorazdova 8, 120 00 Praha 2-Nové Město, Czechia","Dittrichova 2, 120 00 Praha 2-Nové Město, Czechia",OK,OK,0.2 km,154,2 mins,103
https://reality.idnes.cz/detail/prodej/byt/praha-3-rehorova/60131af5735eb551081b8123/?s-et=flat&s-ot=sale&s-l=VUSC-19,"Florenc Central Bus Station, Pod výtopnou 13/10, 186 00 Praha 8-Florenc, Czechia","Řehořova 964/28, 130 00 Praha 3-Žižkov, Czechia",OK,OK,1.2 km,1165,14 mins,821
https://reality.idnes.cz/detail/prodej/byt/praha-6-liberijska/5fa6e279a4ec042395017562/?s-et=flat&s-ot=sale&s-l=VUSC-19,"Liberijská 568, 160 00 Praha 6-Vokovice, Czechia","Liberijská 568, 160 00 Praha 6-Vokovice, Czechia",OK,OK,13 m,13,1 min,9
https://reality.idnes.cz/detail/prodej/byt/praha-8-konselska/601c04cd8ac3bc66737ebb63/?s-et=flat&s-ot=sale&s-l=VUSC-19,"Na Hrázi 21, 180 00 Praha 8-Palmovka, Czechia","Konšelská 1011/17, 180 00 Praha 8-Libeň, Czechia",OK,OK,1.1 km,1114,13 mins,797
https://reality.idnes.cz/detail/prodej/byt/praha-9-pod-harfou/60009ab0ebd4104e4c18cc93/?s-et=flat&s-ot=sale&s-l=VUSC-19,"Vysočanská, 190 00 Praha-Praha 9, Czechia","Pod Harfou 9, 190 00 Praha-Praha 9, Czechia",OK,OK,1.1 km,1117,14 mins,844
https://reality.idnes.cz/detail/prodej/byt/praha-5-naskove/6006b690cf9e7c60bc30cc23/?s-et=flat&s-ot=sale&s-l=VUSC-19,"Jinonice, 158 00 Praha 5, Czechia","Naskové 42, 150 00 Praha 5, Czechia",OK,OK,1.5 km,1457,20 mins,1181
https://reality.idnes.cz/detail/prodej/byt/praha-5-naskove/60059b66ca885e4085020313/?s-et=flat&s-ot=sale&s-l=VUSC-19,"Jinonice, 158 00 Praha 5, Czechia","Naskové 42, 150 00 Praha 5, Czechia",OK,OK,1.5 km,1457,20 mins,1181
https://reality.idnes.cz/detail/prodej/byt/praha-6-stehlikova/602a7264f9700502a625516f/?s-et=flat&s-ot=sale&s-l=VUSC-19,"Šolínova 1, 160 00 Praha 6-Dejvice, Czechia","Osvobození 1074, 165 00 Praha-Suchdol, Czechia",OK,OK,5.5 km,5545,1 hour 9 mins,4129
https://reality.idnes.cz/detail/prodej/byt/praha-5/5e83b076558f077e6f111d63/?s-et=flat&s-ot=sale&s-l=VUSC-19,"Jinonice, 158 00 Praha-Praha 5, Czechia","Souběžná I 462, 158 00 Praha 5-Jinonice, Czechia",OK,OK,0.7 km,669,9 mins,519
https://reality.idnes.cz/detail/prodej/byt/praha-10-pocernicka/60487e989206c928db7f7003/?s-et=flat&s-ot=sale&s-l=VUSC-19,"Strašnická, 100 00 Praha-Praha 10, Czechia","Počernická 797/10, 100 00 Praha-Strašnice, Czechia",OK,OK,1.0 km,991,12 mins,705
https://reality.idnes.cz/detail/prodej/byt/praha-10-pocernicka/60488350a619b1059b19ee43/?s-et=flat&s-ot=sale&s-l=VUSC-19,"Strašnická, 100 00 Praha-Praha 10, Czechia","Počernická 797/10, 100 00 Praha-Strašnice, Czechia",OK,OK,1.0 km,991,12 mins,705
https://reality.idnes.cz/detail/prodej/byt/praha-5-peroutkova/5d243fa737ba4d11e10f2d03/?s-et=flat&s-ot=sale&s-l=VUSC-19,"Radlická 158 00, 150 00 Praha 5, Czechia","Na Farkáně III 46, 150 00 Praha 5, Czechia",OK,OK,0.7 km,735,10 mins,578
https://reality.idnes.cz/detail/prodej/byt/praha-10-pocernicka/60487f67ca1b3446207a42f3/?s-et=flat&s-ot=sale&s-l=VUSC-19,"Strašnická, 100 00 Praha-Praha 10, Czechia","Počernická 797/10, 100 00 Praha-Strašnice, Czechia",OK,OK,1.0 km,991,12 mins,705
https://reality.idnes.cz/detail/prodej/byt/praha-6-stehlikova/602a72480d91470d4a77d933/?s-et=flat&s-ot=sale&s-l=VUSC-19,"Šolínova 1, 160 00 Praha 6-Dejvice, Czechia","Osvobození 1074, 165 00 Praha-Suchdol, Czechia",OK,OK,5.5 km,5545,1 hour 9 mins,4129
https://reality.idnes.cz/detail/prodej/byt/praha-10-nad-vodovodem/5e3032e5558f074fe80ead73/?s-et=flat&s-ot=sale&s-l=VUSC-19,"Strašnická, 100 00 Praha-Praha 10, Czechia","Nad Vodovodem 10, 100 00 Strašnice, Czechia",OK,OK,1.1 km,1061,13 mins,770
https://reality.idnes.cz/detail/prodej/byt/praha-9-podebradska/606dac6059c3be2ca25e5c63/?s-et=flat&s-ot=sale&s-l=VUSC-19,"Kolbenova 9a, 190 00 Praha 9, Czechia","Poděbradská 174, 190 00 Praha 9, Czechia",OK,OK,1.5 km,1505,19 mins,1125
https://reality.idnes.cz/detail/prodej/byt/praha-3-jeseniova/6081af39227dc13f7a5aad63/?s-et=flat&s-ot=sale&s-l=VUSC-19,"663, Sokolovská, 186 00 Praha 8-Invalidovna, Czechia","Jeseniova 582, 130 00 Praha 3-Žižkov, Czechia",OK,OK,1.4 km,1359,18 mins,1078
https://reality.idnes.cz/detail/prodej/byt/praha-6-pod-kastany/60612540bd84803f19586983/?s-et=flat&s-ot=sale&s-l=VUSC-19,"M. Horákové 75/105, 160 00 Praha 6-Hradčany, Czechia","Pod kaštany 279/16, 160 00 Praha 6-Bubeneč, Czechia",OK,OK,0.5 km,547,8 mins,474
https://reality.idnes.cz/detail/prodej/byt/praha-5-voskovcova/6064fdc7dff8891ec65b3563/?s-et=flat&s-ot=sale&s-l=VUSC-19,"Jinonice, 158 00 Praha-Praha 5, Czechia","Voskovcova 934/31, 152 00 Praha 5-Hlubočepy, Czechia",OK,OK,3.7 km,3719,51 mins,3034
https://reality.idnes.cz/detail/prodej/byt/praha-5-travnickova/608dac81ef84cf135f1f50f3/?s-et=flat&s-ot=sale&s-l=VUSC-19,"Luka, 155 00 Praha-Praha 13, Czechia","Trávníčkova 5, 155 00 Praha 13, Czechia",OK,OK,0.2 km,189,2 mins,142
https://reality.idnes.cz/detail/prodej/byt/praha-10-pocernicka/60487e25bde4d606722414e3/?s-et=flat&s-ot=sale&s-l=VUSC-19,"Strašnická, 100 00 Praha-Praha 10, Czechia","Počernická 797/10, 100 00 Praha-Strašnice, Czechia",OK,OK,1.0 km,991,12 mins,705
https://reality.idnes.cz/detail/prodej/byt/praha-7-u-pergamenky/5f4991d9558f07360b032b53/?s-et=flat&s-ot=sale&s-l=VUSC-19,"Plynární 170 00, 170 00 Praha 7-Holešovice, Czechia","Ortenovo nám. 1311, 170 00 Praha 7-Holešovice, Czechia",OK,OK,0.8 km,801,11 mins,638
https://reality.idnes.cz/detail/prodej/byt/praha-8-u-sluncove/5ff3a7a19759184f1a626513/?s-et=flat&s-ot=sale&s-l=VUSC-19,"663, Sokolovská, 186 00 Praha 8-Invalidovna, Czechia","U Sluncové 186 00, 186 00 Praha 8-Invalidovna, Czechia",OK,OK,0.5 km,513,6 mins,368
https://reality.idnes.cz/detail/prodej/byt/praha-2-polska/5fe988936774a0525b228273/?s-et=flat&s-ot=sale&s-l=VUSC-19,"stanice metra Náměstí Míru Praha, 120 00 Praha-Praha 2, Czechia","Polská 936, 120 00 Praha 2-Vinohrady, Czechia",OK,OK,0.5 km,459,6 mins,367
https://www.prazskereality.cz/dovolujeme-si-nabidnout-k-prodeji-tento-plny-denniho-sve-7301478.html,"Náměstí Míru 585/11, 120 00 Praha 2-Vinohrady, Czechia","Varšavská 1077, 120 00 Praha 2-Vinohrady, Czechia",OK,OK,0.6 km,628,8 mins,483
https://reality.idnes.cz/detail/prodej/byt/praha-4-jurkovicova/5ffb413a9549686edb5fa637/?s-et=flat&s-ot=sale&s-l=VUSC-19,"Háje, 149 00 Praha-Praha 11, Czechia","Jurkovičova 969/6, 149 00 Praha 11, Czechia",OK,OK,1.1 km,1066,14 mins,825
https://reality.idnes.cz/detail/prodej/byt/praha-7-u-pergamenky/5f498bbf558f070855515b83/?s-et=flat&s-ot=sale&s-l=VUSC-19,"Plynární 170 00, 170 00 Praha 7-Holešovice, Czechia","Ortenovo nám. 1311, 170 00 Praha 7-Holešovice, Czechia",OK,OK,0.8 km,801,11 mins,638
https://sreality.cz/detail/prodej/byt/2+kk/praha-zizkov-husitska/2297600604,"Křižíkova 1, 186 00 Praha 8-Florenc, Czechia","U Památníku, 130 00 Praha-Praha 3, Czechia",OK,OK,0.8 km,768,9 mins,550
https://reality.idnes.cz/detail/prodej/byt/praha-10-korunni/60761bc725ac534e1c16a1a3/?s-et=flat&s-ot=sale&s-l=VUSC-19,"Náměstí Míru, 120 00 Praha 2, Czechia","Korunní 731/10, 120 00 Praha 2-Vinohrady, Czechia",OK,OK,0.1 km,139,2 mins,94
https://reality.idnes.cz/detail/prodej/byt/praha-3-jeseniova/608d6adb3f66ba1075543083/?s-et=flat&s-ot=sale&s-l=VUSC-19,"663, Sokolovská, 186 00 Praha 8-Invalidovna, Czechia","Jeseniova 582, 130 00 Praha 3-Žižkov, Czechia",OK,OK,1.4 km,1359,18 mins,1078
https://reality.idnes.cz/detail/prodej/byt/praha-7-mala-plynarni/6070245f9d9e3f7fc1089773/?s-et=flat&s-ot=sale&s-l=VUSC-19,"Plynární 170 00, 170 00 Praha 7-Holešovice, Czechia","Malá Plynární 286/7, 170 00 Praha 7-Holešovice, Czechia",OK,OK,0.4 km,417,6 mins,343
https://www.remax-czech.cz/reality/detail/307757/prodej-bytu-4-kk-v-osobnim-vlastnictvi-133-m2-praha-9-vysocany,"Vysočanská, 190 00 Praha-Praha 9, Czechia","Freyova 184, 190 00 Praha 9-Vysočany, Czechia",OK,OK,0.8 km,808,10 mins,605
https://reality.idnes.cz/detail/prodej/byt/praha-10-na-pliskave/6072bae99dc9874b53721f47/?s-et=flat&s-ot=sale&s-l=VUSC-19,"Opatovská 871, 149 00 Praha 11, Czechia","Na Plískavě 111, 102 00 Praha 15-Hostivař, Czechia",OK,OK,2.6 km,2630,36 mins,2158
https://reality.idnes.cz/detail/prodej/byt/praha-8-u-sluncove/60215512e8623b183d12da23/?s-et=flat&s-ot=sale&s-l=VUSC-19,"663, Sokolovská, 186 00 Praha 8-Invalidovna, Czechia","U Sluncové 186 00, 186 00 Praha 8-Invalidovna, Czechia",OK,OK,0.5 km,513,6 mins,368
https://reality.idnes.cz/detail/prodej/byt/praha-10-samova/60043fdcdbaf0c21e907cfa2/?s-et=flat&s-ot=sale&s-l=VUSC-19,"Jiřího z Poděbrad, 120 00 Praha-Praha 2, Czechia","Sámova 10, Vršovice, 110 00 Praha-Praha 10, Czechia",OK,OK,1.4 km,1351,20 mins,1192
https://reality.idnes.cz/detail/prodej/byt/praha-3-cimburkova/6018c3d6109b637ff368cac3/?s-et=flat&s-ot=sale&s-l=VUSC-19,"Jiřího z Poděbrad, 130 00 Praha-Praha 3, Czechia","Cimburkova 282/17, 130 00 Praha 3-Žižkov, Czechia",OK,OK,1.1 km,1074,15 mins,908
https://www.prazskereality.cz/prostorny-zrekonstruovany-byt-2-kk-o-celkove-obytne-plos-7376354.html,"Na Hrázi 21, 180 00 Praha 8-Palmovka, Czechia","nám. Dr. Václava Holého 1049, Libeň, 180 00 Praha-Praha 8, Czechia",OK,OK,0.2 km,231,3 mins,169
https://reality.idnes.cz/detail/prodej/byt/praha-3-na-jarove/600ad6e9548df1346e6328d3/?s-et=flat&s-ot=sale&s-l=VUSC-19,"Sokolovská 274, Libeň, 180 00 Praha-Praha 9, Czechia","Na Jarově 2049, 130 00 Praha 3-Žižkov, Czechia",OK,OK,3.3 km,3259,39 mins,2326
https://reality.idnes.cz/detail/prodej/byt/praha-10-k-louzi/604a25005429a606e1652c54/?s-et=flat&s-ot=sale&s-l=VUSC-19,"Jičínská 10, 130 00 Praha 3-Vinohrady, Czechia","K Louži 1262, 101 00 Praha 10-Vršovice, Czechia",OK,OK,1.5 km,1529,22 mins,1341
https://www.prazskereality.cz/v-exkluzivnim-zastoupeni-vlastnika-nabizime-k-prodeji-po-7372181.html,"U Obecního domu 660/6, 110 00 Praha 1-Staré Město, Czechia","Rybná 21, 110 00 Praha 1-Staré Město, Czechia",OK,OK,0.4 km,384,5 mins,294
https://reality.idnes.cz/detail/prodej/byt/praha-9-ucnovska/5f8d7e33aa5b1f36cd73f60d/?s-et=flat&s-ot=sale&s-l=VUSC-19,"Sokolovská 274, Libeň, 180 00 Praha-Praha 9, Czechia","Učňovská 9, 190 00 Praha 9, Czechia",OK,OK,3.1 km,3132,37 mins,2242
https://reality.idnes.cz/detail/prodej/byt/praha-10-zitomirska/6012eef8a9f78e2922733163/?s-et=flat&s-ot=sale&s-l=VUSC-19,"Jičínská 10, 130 00 Praha 3-Vinohrady, Czechia","Madridská 1396, 101 00 Praha 10-Vršovice, Czechia",OK,OK,1.2 km,1161,17 mins,997
https://reality.idnes.cz/detail/prodej/byt/praha-10-petrohradska/608a703819c15702822b7bc3/?s-et=flat&s-ot=sale&s-l=VUSC-19,"Vinohradská 878, 130 00 Praha 3-Vinohrady, Czechia","Petrohradská 6/7, 101 00 Praha 10-Vršovice, Czechia",OK,OK,1.5 km,1529,22 mins,1330
https://sreality.cz/detail/prodej/byt/3+1/praha-prosek-bilinska/3125828956,"Metro Střížkov, vestibul stanice metra, 190 00 Praha-Praha 9, Czechia","Bílinská 9, 190 00 Praha 9-Prosek, Czechia",OK,OK,0.5 km,545,6 mins,384
https://reality.idnes.cz/detail/prodej/byt/praha-1-senovazne-namesti/608152d5d2e350769330dd02/?s-et=flat&s-ot=sale&s-l=VUSC-19,"Havlíčkova 1462/7, Nové Město, 110 00 Praha-Praha 1, Czechia","Senovážné nám. 978/23, Nové Město, 110 00 Praha-Praha 1, Czechia",OK,OK,0.3 km,289,4 mins,210
https://reality.idnes.cz/detail/prodej/byt/praha-4-k-vystrkovu/5ff31a4373bfa750f5146fe6/?s-et=flat&s-ot=sale&s-l=VUSC-19,"Smíchovské nádraží, 150 00 Praha-Praha 5, Czechia","K Vystrkovu 4, 143 00 Praha 12, Czechia",OK,OK,7.7 km,7663,1 hour 33 mins,5604
https://www.remax-czech.cz/reality/detail/310277/prodej-bytu-3-1-v-osobnim-vlastnictvi-68-m2-praha-4-nusle,"Děkanská vinice I 1634/17, 140 00 Praha 4-Nusle, Czechia","Kotorská 1572/18, 140 00 Praha 4-Nusle, Czechia",OK,OK,0.5 km,490,6 mins,346
https://reality.idnes.cz/detail/prodej/byt/praha-9-drahobejlova/5fcf8ef2c6147b68a76f3316/?s-et=flat&s-ot=sale&s-l=VUSC-19,"Českomoravská, 190 00 Praha-Praha 9, Czechia","Drahobejlova 9, 190 00 Praha 8-Libeň, Czechia",OK,OK,0.5 km,535,6 mins,386
https://reality.idnes.cz/detail/prodej/byt/praha-5-plzenska/5fbcdfd9ccd4e866553a11c2/?s-et=flat&s-ot=sale&s-l=VUSC-19,"Nemocnice Motol, 150 00 Praha-Praha 5, Czechia","Plzeňská 21/312, 150 00 Praha 5-Motol, Czechia",OK,OK,1.8 km,1849,24 mins,1433
https://reality.idnes.cz/detail/prodej/byt/praha-6-podbabska/6058a2c4bddf16359860c4f3/?s-et=flat&s-ot=sale&s-l=VUSC-19,"Dejvická, 160 00 Praha-Praha 6, Czechia","Hydrologický ústav, 160 00 Praha-Praha 6, Czechia",OK,OK,1.8 km,1757,24 mins,1432
https://reality.idnes.cz/detail/prodej/byt/praha-1-reznicka/60800d3de941ea6bc750e9f3/?s-et=flat&s-ot=sale&s-l=VUSC-19,"Magdalény Rettigové 82, Nové Město, 110 00 Praha-Praha 1, Czechia","Řeznická 110 00, Nové Město, 110 00 Praha-Praha 1, Czechia",OK,OK,0.4 km,360,4 mins,246
https://www.remax-czech.cz/reality/detail/300009/prodej-bytu-1-kk-v-osobnim-vlastnictvi-51-m2-praha-10-strasnice,"Depo Hostivař, 100 00 Praha-Praha 10, Czechia","Třebohostická 10, Strašnice, 100 00 Praha-Praha 10, Czechia",OK,OK,0.9 km,929,12 mins,700
https://reality.idnes.cz/detail/prodej/byt/praha-8-nad-rokoskou/60757198f8cd2b5cf84f3083/?s-et=flat&s-ot=sale&s-l=VUSC-19,"Kobylisy, 182 00 Praha-Praha 8, Czechia","Nad Rokoskou 17, 182 00 Praha 8, Czechia",OK,OK,0.6 km,640,11 mins,656
https://reality.idnes.cz/detail/prodej/byt/praha-3-jeronymova/5f7b632f17f46502846be883/?s-et=flat&s-ot=sale&s-l=VUSC-19,"Thámova 32, 186 00 Praha 8-Karlín, Czechia","Jeronýmova 750, 130 00 Praha 3-Žižkov, Czechia",OK,OK,1.1 km,1127,15 mins,896
https://sreality.cz/detail/prodej/byt/1+1/praha-liben-sokolovska/3606015324,"Palmovka 180 00, 180 00 Praha 8-Palmovka, Czechia","Sokolovská 1278, 180 00 Praha 8-Libeň, Czechia",OK,OK,0.4 km,427,5 mins,323
https://reality.idnes.cz/detail/prodej/byt/praha-1-spalena/5ffd9da1e89c690aaa59af93/?s-et=flat&s-ot=sale&s-l=VUSC-19,"Magdalény Rettigové 82, Nové Město, 110 00 Praha-Praha 1, Czechia","Studio Dermacol - Quadrio, Spálená 2121 OC Quadrio, přízemí, 110 00 Praha 1, Czechia",OK,OK,0.2 km,182,2 mins,135
https://www.remax-czech.cz/reality/detail/291938/prodej-bytu-4-kk-v-osobnim-vlastnictvi-173-m2-praha-5-smichov,"Nádražní 222, Smíchov, 150 00 Praha-Praha 5, Czechia","Nádražní 66, Smíchov, 150 00 Praha-Praha 5, Czechia",OK,OK,0.1 km,95,1 min,70
https://reality.idnes.cz/detail/prodej/byt/praha-10-ruska/608ebaff540a6150211b5483/?s-et=flat&s-ot=sale&s-l=VUSC-19,"Vinohradská 2405, Vinohrady, 130 00 Praha-Praha 3, Czechia","Ruská 1526, 100 00 Praha 10-Vršovice, Czechia",OK,OK,0.9 km,884,13 mins,756
https://www.prazskereality.cz/exkluzivne-nabizime-klimatizovany-byt-4-kk-umisteny-v-5--6726946.html,"nám. Republiky 1077, Nové Město, 110 00 Praha-Praha 1, Czechia","Soukenická 22, 110 00 Praha 1-Petrská čtvrť, Czechia",OK,OK,0.4 km,433,6 mins,334
https://www.prazskereality.cz/prestante-snit-o-novem-bydleni-probudte-se-v-nem-vazeni--7336226.html,"Náměstí Míru 585/11, 120 00 Praha 2-Vinohrady, Czechia","Perucká 2481/5, Vinohrady, 120 00 Praha-Praha 2, Czechia",OK,OK,1.0 km,1034,15 mins,895
https://sreality.cz/detail/prodej/byt/2+1/praha-vrsovice-ruska/213031516,"Vinohradská 2405, Vinohrady, 130 00 Praha-Praha 3, Czechia","Ruská 1526, 100 00 Praha 10-Vršovice, Czechia",OK,OK,0.9 km,884,13 mins,756
https://reality.idnes.cz/detail/prodej/byt/praha-1-skorepka/60757a1734d0cf2aae0299b3/?s-et=flat&s-ot=sale&s-l=VUSC-19,"Národní 365, Staré Město, 110 00 Praha-Praha 1, Czechia","Skořepka 9, 110 00 Praha 1-Staré Město, Czechia",OK,OK,0.2 km,217,3 mins,167
https://reality.idnes.cz/detail/prodej/byt/praha-3-olsanska/6071f40b43059c4d4a1e1ed3/?s-et=flat&s-ot=sale&s-l=VUSC-19,"Flora, 130 00 Praha-Praha 3, Czechia","Olšanská 3, 130 00 Praha 3-Žižkov, Czechia",OK,OK,1.0 km,1039,14 mins,844
https://reality.idnes.cz/detail/prodej/byt/praha-13-precechtelova/60589328b1f7e719f3590562/?s-et=flat&s-ot=sale&s-l=VUSC-19,"Unnamed Road, 158 00 Praha 13, Czechia","Přecechtělova 2240/5, 155 00 Praha 13-Stodůlky, Czechia",OK,OK,1.9 km,1912,24 mins,1427
https://reality.idnes.cz/detail/prodej/byt/praha-5-vrazova/5aaf9838a26e3a78ee600dd0/?s-et=flat&s-ot=sale&s-l=VUSC-19,"Bozděchova 3, Smíchov, 150 00 Praha-Praha 5, Czechia","Vrázova 535, Smíchov, 150 00 Praha-Praha 5, Czechia",OK,OK,0.3 km,312,4 mins,238
https://reality.idnes.cz/detail/prodej/byt/praha-5-na-vaclavce/6081402e8f2641729e480b33/?s-et=flat&s-ot=sale&s-l=VUSC-19,"Radlická 158 00, 150 00 Praha 5, Czechia","Na Václavce 32, 150 00 Praha 5, Czechia",OK,OK,1.4 km,1412,20 mins,1228
https://reality.idnes.cz/detail/prodej/byt/praha-2-sumavska/606de32216de4653f966f122/?s-et=flat&s-ot=sale&s-l=VUSC-19,"Vinohradská 99, 120 00 Praha 2-Vinohrady, Czechia","Slovenská 9, 120 00 Praha 2-Vinohrady, Czechia",OK,OK,0.8 km,809,10 mins,599
https://sreality.cz/detail/prodej/byt/2+kk/praha-cerny-most-bryksova/2786197084,"Prague, Černý Most, 198 00 Praha-Praha 14, Czechia","Bryksova 198 00, 198 00 Praha 14-Černý Most, Czechia",OK,OK,0.5 km,536,7 mins,444
https://www.remax-czech.cz/reality/detail/309326/prodej-bytu-4-kk-v-osobnim-vlastnictvi-134-m2-praha-8-liben,"Palmovka 180 00, 180 00 Praha 8-Palmovka, Czechia","Sokolovská 1278, 180 00 Praha 8-Libeň, Czechia",OK,OK,0.4 km,427,5 mins,323
https://reality.idnes.cz/detail/prodej/byt/praha-5-podbelohorska/5eb558f337ba4d47506a3767/?s-et=flat&s-ot=sale&s-l=VUSC-19,"Liberijská 568, 160 00 Praha 6-Vokovice, Czechia","Podbělohorská 190/73, 150 00 Praha-Praha 5, Czechia",OK,OK,4.6 km,4578,59 mins,3547
https://reality.idnes.cz/detail/prodej/byt/praha-5-toufarova/5ee98df337ba4d7b881db3e3/?s-et=flat&s-ot=sale&s-l=VUSC-19,"Stodůlky, 155 00 Praha-Praha 13, Czechia","Toufarova 3015, 155 00 Řeporyje, Czechia",OK,OK,1.0 km,1028,14 mins,837
https://reality.idnes.cz/detail/prodej/byt/praha-7-u-pergamenky/6021512801688d5f1317e6b3/?s-et=flat&s-ot=sale&s-l=VUSC-19,"Plynární 170 00, 170 00 Praha 7-Holešovice, Czechia","Ortenovo nám. 1311, 170 00 Praha 7-Holešovice, Czechia",OK,OK,0.8 km,801,11 mins,638
https://reality.idnes.cz/detail/prodej/byt/praha-3-jeseniova/607db5e83aba95753032cd63/?s-et=flat&s-ot=sale&s-l=VUSC-19,"663, Sokolovská, 186 00 Praha 8-Invalidovna, Czechia","Jeseniova 582, 130 00 Praha 3-Žižkov, Czechia",OK,OK,1.4 km,1359,18 mins,1078
https://reality.idnes.cz/detail/prodej/byt/praha-5-naskove/6001669b5096ae2b095817a3/?s-et=flat&s-ot=sale&s-l=VUSC-19,"Jinonice, 158 00 Praha 5, Czechia","Naskové 42, 150 00 Praha 5, Czechia",OK,OK,1.5 km,1457,20 mins,1181
https://www.prazskereality.cz/nabizim-k-prodeji-luxusni-byt-3-kk-90-m2-s-dvema-balkony-7364749.html,"50.04658025100008,14.305064858000037","0,0",ZERO_RESULTS,OK,,,,
https://sreality.cz/detail/prodej/byt/2+kk/praha--tresnova/3864268636,"Hloubětín, 198 00 Praha-Praha 14, Czechia","Třešňová 844/9, 198 00 Praha 14-Hloubětín, Czechia",OK,OK,2.1 km,2096,26 mins,1576
https://reality.idnes.cz/detail/prodej/byt/praha-5-peroutkova/60413277f4795139961ad8c3/?s-et=flat&s-ot=sale&s-l=VUSC-19,"Radlická 158 00, 150 00 Praha 5, Czechia","Na Farkáně III 46, 150 00 Praha 5, Czechia",OK,OK,0.7 km,735,10 mins,578
https://reality.idnes.cz/detail/prodej/byt/praha-5-plzenska/6040b7c4bc5557253e4f5ec3/?s-et=flat&s-ot=sale&s-l=VUSC-19,"Nemocnice Motol, 150 00 Praha-Praha 5, Czechia","Plzeňská 21/312, 150 00 Praha 5-Motol, Czechia",OK,OK,1.8 km,1849,24 mins,1433
https://reality.idnes.cz/detail/prodej/byt/praha-4-nuselska/603936d6534886327415ba43/?s-et=flat&s-ot=sale&s-l=VUSC-19,"Pankrác, 140 00 Praha-Praha 4, Czechia","Nuselská 1495, 140 00 Praha 4-Nusle, Czechia",OK,OK,1.5 km,1504,21 mins,1274
https://reality.idnes.cz/detail/prodej/byt/praha-7-mala-plynarni/60702d613b1d7e3bcd22a643/?s-et=flat&s-ot=sale&s-l=VUSC-19,"Plynární 170 00, 170 00 Praha 7-Holešovice, Czechia","Malá Plynární 286/7, 170 00 Praha 7-Holešovice, Czechia",OK,OK,0.4 km,417,6 mins,343
https://reality.idnes.cz/detail/prodej/byt/praha-5-graficka/60487f2e88c8c773aa095843/?s-et=flat&s-ot=sale&s-l=VUSC-19,"Nádražní 222, Smíchov, 150 00 Praha-Praha 5, Czechia","Grafická 854/15, Smíchov, 150 00 Praha-Praha 5, Czechia",OK,OK,0.9 km,913,12 mins,698
https://reality.idnes.cz/detail/prodej/byt/praha-8-rohanske-nabrezi/5f30e5dc558f07179e1a4bf3/?s-et=flat&s-ot=sale&s-l=VUSC-19,"Thámova 681/32, Karlín, 186 00 Praha-Praha 8, Czechia","Rohanské nábř. 29, 186 00 Praha 8-Karlín, Czechia",OK,OK,0.3 km,335,4 mins,250
https://reality.idnes.cz/detail/prodej/byt/praha-9-dolezalova/607569db41118801a554401b/?s-et=flat&s-ot=sale&s-l=VUSC-19,"Cíglerova 8, 198 00 Praha 14-Černý Most, Czechia","Doležalova 1048/9, 198 00 Praha 14-Černý Most, Czechia",OK,OK,0.9 km,889,11 mins,674
https://reality.idnes.cz/detail/prodej/byt/praha-8-cervena-ban/60657beff3c5bc12f06629f3/?s-et=flat&s-ot=sale&s-l=VUSC-19,"Na Hrázi 21, 180 00 Praha 8-Palmovka, Czechia","Červená báň 356/1, 180 00 Praha 8-Libeň, Czechia",OK,OK,1.3 km,1324,16 mins,932
https://reality.idnes.cz/detail/prodej/byt/praha-8-cervena-ban/60658efd27242b74be260904/?s-et=flat&s-ot=sale&s-l=VUSC-19,"Na Hrázi 21, 180 00 Praha 8-Palmovka, Czechia","Červená báň 356/1, 180 00 Praha 8-Libeň, Czechia",OK,OK,1.3 km,1324,16 mins,932
https://reality.idnes.cz/detail/prodej/byt/praha-8-cervena-ban/60658f3f045a21115051ef43/?s-et=flat&s-ot=sale&s-l=VUSC-19,"Na Hrázi 21, 180 00 Praha 8-Palmovka, Czechia","Červená báň 356/1, 180 00 Praha 8-Libeň, Czechia",OK,OK,1.3 km,1324,16 mins,932
https://reality.idnes.cz/detail/prodej/byt/praha-4-nuselska/608c6ab095f2f262c27b0b43/?s-et=flat&s-ot=sale&s-l=VUSC-19,"Pankrác, 140 00 Praha-Praha 4, Czechia","Nuselská 1495, 140 00 Praha 4-Nusle, Czechia",OK,OK,1.5 km,1504,21 mins,1274
https://reality.idnes.cz/detail/prodej/byt/praha-8-cervena-ban/60658d223236695106789363/?s-et=flat&s-ot=sale&s-l=VUSC-19,"Na Hrázi 21, 180 00 Praha 8-Palmovka, Czechia","Červená báň 356/1, 180 00 Praha 8-Libeň, Czechia",OK,OK,1.3 km,1324,16 mins,932
https://reality.idnes.cz/detail/prodej/byt/praha-8-rohanske-nabrezi/5f8eb00b9723dd58e0252cb3/?s-et=flat&s-ot=sale&s-l=VUSC-19,"Thámova 681/32, Karlín, 186 00 Praha-Praha 8, Czechia","Rohanské nábř. 29, 186 00 Praha 8-Karlín, Czechia",OK,OK,0.3 km,335,4 mins,250
https://reality.idnes.cz/detail/prodej/byt/praha-3-jeseniova/605dd07f9ab2df514060cb93/?s-et=flat&s-ot=sale&s-l=VUSC-19,"663, Sokolovská, 186 00 Praha 8-Invalidovna, Czechia","Jeseniova 582, 130 00 Praha 3-Žižkov, Czechia",OK,OK,1.4 km,1359,18 mins,1078
https://reality.idnes.cz/detail/prodej/byt/praha-8-nad-rokoskou/607571d17059493aa07ebe43/?s-et=flat&s-ot=sale&s-l=VUSC-19,"Kobylisy, 182 00 Praha-Praha 8, Czechia","Nad Rokoskou 17, 182 00 Praha 8, Czechia",OK,OK,0.6 km,640,11 mins,656
https://reality.idnes.cz/detail/prodej/byt/praha-10-tolsteho/608a96794224f976541ae6a3/?s-et=flat&s-ot=sale&s-l=VUSC-19,"Jičínská 10, 130 00 Praha 3-Vinohrady, Czechia","Tolstého 726, 101 00 Praha 10-Vršovice, Czechia",OK,OK,0.9 km,904,13 mins,765
https://reality.idnes.cz/detail/prodej/byt/praha-17-makovskeho/608149d37facef018730e7a2/?s-et=flat&s-ot=sale&s-l=VUSC-19,"Zličín, 155 00 Praha-Zličín, Czechia","Makovského 1147/6, 163 00 Praha 17-Řepy, Czechia",OK,OK,2.4 km,2351,30 mins,1823
https://www.remax-czech.cz/reality/detail/311226/prodej-bytu-1-1-v-osobnim-vlastnictvi-55-m2-praha-10-vrsovice,"Jičínská 10, 130 00 Praha 3-Vinohrady, Czechia","Tolstého 726, 101 00 Praha 10-Vršovice, Czechia",OK,OK,0.9 km,904,13 mins,765
https://reality.idnes.cz/detail/prodej/byt/praha-10-kodanska/602cd540b4dc4b3a312f7e83/?s-et=flat&s-ot=sale&s-l=VUSC-19,"Jičínská 10, 130 00 Praha 3-Vinohrady, Czechia","Slovinská, 101 00 Praha-Praha 10, Czechia",OK,OK,1.1 km,1059,15 mins,894
https://reality.idnes.cz/detail/prodej/byt/praha-10-k-botici/601281f40080e35fdf580546/?s-et=flat&s-ot=sale&s-l=VUSC-19,"Vinohradská 878, 130 00 Praha 3-Vinohrady, Czechia","K Botiči 1439/5, 101 00 Praha 10-Vršovice, Czechia",OK,OK,1.6 km,1633,23 mins,1408
https://reality.idnes.cz/detail/prodej/byt/praha-10/608d3c738831dc50304dda43/?s-et=flat&s-ot=sale&s-l=VUSC-19,"Opatovská 871, 149 00 Praha 11, Czechia","Kašovická, Nové nám., 104 00 Praha 22-Uhříněves, Czechia",OK,OK,7.8 km,7785,1 hour 38 mins,5859
https://reality.idnes.cz/detail/prodej/byt/praha-10-pocernicka/60487ddc9678d1183c4e7043/?s-et=flat&s-ot=sale&s-l=VUSC-19,"Strašnická, 100 00 Praha-Praha 10, Czechia","Počernická 797/10, 100 00 Praha-Strašnice, Czechia",OK,OK,1.0 km,991,12 mins,705
https://reality.idnes.cz/detail/prodej/byt/praha-8-u-libenskeho-pivovaru/60844a8e92d316448d49b1e3/?s-et=flat&s-ot=sale&s-l=VUSC-19,"Na Hrázi 21, 180 00 Praha 8-Palmovka, Czechia","U Libeňského pivovaru 8, 180 00 Praha 8, Czechia",OK,OK,0.4 km,397,5 mins,298
https://www.prazskereality.cz/v-exkluzivnim-zastoupeni-nabizime-k-prodeji-tento-svetly-7300038.html,"U Obecního domu 660/6, 110 00 Praha 1-Staré Město, Czechia","Masná, 110 00 Praha-Praha 1, Czechia",OK,OK,0.5 km,468,6 mins,352
https://reality.idnes.cz/detail/prodej/byt/praha-7-mala-plynarni/60702c541947bb3638522c6b/?s-et=flat&s-ot=sale&s-l=VUSC-19,"Plynární 170 00, 170 00 Praha 7-Holešovice, Czechia","Malá Plynární 286/7, 170 00 Praha 7-Holešovice, Czechia",OK,OK,0.4 km,417,6 mins,343
https://reality.idnes.cz/detail/prodej/byt/praha-4-choceradska/607d7833267eee29a00b80e3/?s-et=flat&s-ot=sale&s-l=VUSC-19,"Chodov, 148 00 Praha-Praha 11, Czechia","Choceradská 3118, 141 00 Praha 4, Czechia",OK,OK,2.0 km,1982,28 mins,1673
https://reality.idnes.cz/detail/prodej/byt/praha-10-novgorodska/5dc18da737ba4d01601407d5/?s-et=flat&s-ot=sale&s-l=VUSC-19,"Jiřího z Poděbrad, 120 00 Praha-Praha 2, Czechia","Novgorodská 3, 101 00 Praha 10-Vršovice, Czechia",OK,OK,1.8 km,1756,25 mins,1501
https://reality.idnes.cz/detail/prodej/byt/praha-6-drnovska/6064fb481e4523629e21c1e3/?s-et=flat&s-ot=sale&s-l=VUSC-19,"Zličín, 155 00 Praha-Zličín, Czechia","Drnovská 2, 161 00 Praha 6, Czechia",OK,OK,4.1 km,4118,53 mins,3184
https://reality.idnes.cz/detail/prodej/byt/praha-1-masna/5f7ef5435b59a008ce1eb874/?s-et=flat&s-ot=sale&s-l=VUSC-19,"U Obecního domu 660/6, 110 00 Praha 1-Staré Město, Czechia","Masná, 110 00 Praha-Praha 1, Czechia",OK,OK,0.5 km,468,6 mins,352
https://www.remax-czech.cz/reality/detail/307901/prodej-bytu-2-1-v-osobnim-vlastnictvi-57-m2-praha-6-brevnov,"Brunclíkova 1757, 162 00 Praha 6-Břevnov, Czechia","Šantrochova 1864, 162 00 Praha 6-Břevnov, Czechia",OK,OK,0.5 km,497,6 mins,366
https://reality.idnes.cz/detail/prodej/byt/praha-8-cervena-ban/6065895765c22b4fee35f5c3/?s-et=flat&s-ot=sale&s-l=VUSC-19,"Na Hrázi 21, 180 00 Praha 8-Palmovka, Czechia","Červená báň 356/1, 180 00 Praha 8-Libeň, Czechia",OK,OK,1.3 km,1324,16 mins,932
https://reality.idnes.cz/detail/prodej/byt/praha-14-cernodolska/6087fc322e9d0a127b0f11d5/?s-et=flat&s-ot=sale&s-l=VUSC-19,"Černý Most, 198 00 Praha-Praha 14, Czechia","Černodolská 190 12, 190 12 Praha-Dolní Počernice, Czechia",OK,OK,3.4 km,3420,43 mins,2585
https://www.prazskereality.cz/v-exkluzivnim-zastoupeni-nabizime-svetly-a-vzdusny-byt-3-7193637.html,"Nemocnice Motol, 150 00 Praha-Praha 5, Czechia","Slavická 1154, 150 00 Praha 5-Košíře, Czechia",OK,OK,1.6 km,1586,22 mins,1348
https://reality.idnes.cz/detail/prodej/byt/praha-8-cervena-ban/60658bc5aa9a60176d5e12d3/?s-et=flat&s-ot=sale&s-l=VUSC-19,"Na Hrázi 21, 180 00 Praha 8-Palmovka, Czechia","Červená báň 356/1, 180 00 Praha 8-Libeň, Czechia",OK,OK,1.3 km,1324,16 mins,932
https://reality.idnes.cz/detail/prodej/byt/praha-4-sladkovicova/603646d29e944257a9530573/?s-et=flat&s-ot=sale&s-l=VUSC-19,"Kačerov, 141 00 Praha-Praha 4, Czechia","Sládkovičova 16, 142 00 Praha 4, Czechia",OK,OK,2.6 km,2624,32 mins,1945
https://reality.idnes.cz/detail/prodej/byt/praha-6/6086c052fcf6b00d12134a53/?s-et=flat&s-ot=sale&s-l=VUSC-19,"Zličín, 155 00 Praha-Zličín, Czechia","Severýnova 8, 163 00 Praha 17, Czechia",OK,OK,2.8 km,2767,36 mins,2167
https://reality.idnes.cz/detail/prodej/byt/praha-8-na-zertvach/5f8d2fd8129bf07d293ea203/?s-et=flat&s-ot=sale&s-l=VUSC-19,"Zenklova 351, 180 00 Praha 8-Libeň, Czechia","Na Žertvách 10, 180 00 Praha 8-Palmovka, Czechia",OK,OK,65 m,65,1 min,49
https://reality.idnes.cz/detail/prodej/byt/praha-4-nad-lomem/6086db3b2049c27795658153/?s-et=flat&s-ot=sale&s-l=VUSC-19,"Smíchovské nádraží, 150 00 Praha-Praha 5, Czechia","Nad Lomem 1281, 147 00 Praha 4-Braník, Czechia",OK,OK,3.9 km,3917,51 mins,3063
https://reality.idnes.cz/detail/prodej/byt/praha-5-borovanskeho/60002f95a7bfe24ae04041a3/?s-et=flat&s-ot=sale&s-l=VUSC-19,"Unnamed Road, 158 00 Praha 13, Czechia","Borovanského 2217/5, 155 00 Praha 13-Stodůlky, Czechia",OK,OK,1.7 km,1725,22 mins,1290
https://reality.idnes.cz/detail/prodej/byt/praha-4-baarova/605f47ddbfa48e2fb217c833/?s-et=flat&s-ot=sale&s-l=VUSC-19,"A. Staška 104, 140 00 Praha 4, Czechia","Baarova 1542/44, 140 00 Praha 4, Czechia",OK,OK,1.1 km,1088,15 mins,887
https://www.prazskereality.cz/prostorny-nezarizeny-mezonet-7-1-s-moznosti-upravy-na-8--7129999.html,"Pod Sídlištěm 188, 182 00 Praha 8-Kobylisy, Czechia","Ke Stírce 34, 182 00 Praha 8, Czechia",OK,OK,0.5 km,530,7 mins,421
https://reality.idnes.cz/detail/prodej/byt/praha-5-graficka/60487ed4850a96773f2a2b83/?s-et=flat&s-ot=sale&s-l=VUSC-19,"Nádražní 222, Smíchov, 150 00 Praha-Praha 5, Czechia","Grafická 854/15, Smíchov, 150 00 Praha-Praha 5, Czechia",OK,OK,0.9 km,913,12 mins,698
https://reality.idnes.cz/detail/prodej/byt/praha/6082b2b3c92e111ab27937e3/?s-et=flat&s-ot=sale&s-l=VUSC-19,"stanice metra Náměstí Míru Praha, 120 00 Praha-Praha 2, Czechia","Náměstí Míru, 120 00 Praha 2, Czechia",OK,OK,7 m,7,1 min,6
https://reality.idnes.cz/detail/prodej/byt/praha-2-na-folimance/605da7fd22750d77be2b2ec3/?s-et=flat&s-ot=sale&s-l=VUSC-19,"Vyšehrad, 140 00 Praha-Praha 4, Czechia","Na Folimance 2490, 120 00 Praha 2-Vinohrady, Czechia",OK,OK,1.0 km,1030,15 mins,911
https://reality.idnes.cz/detail/prodej/byt/praha-9-bratri-dohalskych/60795af10d45fa36cf54bee3/?s-et=flat&s-ot=sale&s-l=VUSC-19,"Nádraží Vysočany, 190 00 Praha-Praha 9, Czechia","bratří Dohalských 9, 190 00 Praha 9, Czechia",OK,OK,0.2 km,197,2 mins,149
https://www.remax-czech.cz/reality/detail/310495/prodej-bytu-2-kk-v-osobnim-vlastnictvi-57-m2-praha-4-kamyk,"Polikl. Budějovická, 140 00 Praha 4, Czechia","U Kamýku 871/4, 142 00 Praha 12, Czechia",OK,OK,3.8 km,3804,49 mins,2949
https://reality.idnes.cz/detail/prodej/byt/praha-1-letenska/5ebaa52337ba4d498a79bd13/?s-et=flat&s-ot=sale&s-l=VUSC-19,"Klárov 51, Malá Strana, 118 00 Praha-Praha 1, Czechia","Letenská 525, Malá Strana, 118 00 Praha-Praha 1, Czechia",OK,OK,0.4 km,392,5 mins,284
https://reality.idnes.cz/detail/prodej/byt/praha-10-pocernicka/60487d76d4febf7898378e53/?s-et=flat&s-ot=sale&s-l=VUSC-19,"Strašnická, 100 00 Praha-Praha 10, Czechia","Počernická 797/10, 100 00 Praha-Strašnice, Czechia",OK,OK,1.0 km,991,12 mins,705
https://www.remax-czech.cz/reality/detail/310462/prodej-bytu-2-kk-v-osobnim-vlastnictvi-43-m2-praha-8-liben,"Palmovka, 180 00 Praha-Praha 8, Czechia","Kotlaska 353, 180 00 Praha 8-Libeň, Czechia",OK,OK,0.2 km,179,2 mins,149
https://www.remax-czech.cz/reality/detail/310214/prodej-bytu-3-kk-v-osobnim-vlastnictvi-104-m2-praha-6-liboc,"Brunclíkova 1945, 162 00 Praha 6-Břevnov, Czechia","Za Vokovickou Vozovnou 11, 161 00 Praha 6, Czechia",OK,OK,1.8 km,1758,24 mins,1443
https://reality.idnes.cz/detail/prodej/byt/praha-3-pitterova/605ad52a8acea25e6064eff3/?s-et=flat&s-ot=sale&s-l=VUSC-19,"Flora, 130 00 Praha-Praha 3, Czechia","Olšanská 5, 130 00 Praha 3-Žižkov, Czechia",OK,OK,1.2 km,1157,15 mins,927
https://reality.idnes.cz/detail/prodej/byt/praha-3-lucemburska/6045fe4be31f1b5a7f35f8f3/?s-et=flat&s-ot=sale&s-l=VUSC-19,"Vinohradská 878, 130 00 Praha 3-Vinohrady, Czechia","Lucemburská 1578, 130 00 Praha 3-Vinohrady, Czechia",OK,OK,0.3 km,320,4 mins,224
https://reality.idnes.cz/detail/prodej/byt/praha-4-mecislavova/602e41de69df5b7dbe388d23/?s-et=flat&s-ot=sale&s-l=VUSC-19,"Pražského povstání, 140 00 Praha 4, Czechia","Mečislavova 208/4, 140 00 Praha 4-Nusle, Czechia",OK,OK,1.3 km,1342,19 mins,1163
https://sreality.cz/detail/prodej/byt/2+kk/praha-hrdlorezy-ceskobrodska/865004892,"Cíglerova 8, 198 00 Praha 14-Černý Most, Czechia","Silnice I/12, 190 12 Praha 14, Czechia",OK,OK,3.3 km,3290,42 mins,2530
https://www.prazskereality.cz/luxusni-byt-2-kk-o-celkove-plose-70-2-m2-je-situovan-ve--7263385.html,"Legerova 57, Vinohrady, 110 00 Praha-Praha 1, Czechia","Old Town square, Mánesova, 120 00 Praha 2-Vinohrady, Czechia",OK,OK,0.3 km,255,3 mins,206
https://www.prazskereality.cz/dvoupokojovy-byt-s-balkonem-vysoke-stropy-kuchynsky-kout-7354920.html,"Depo Hostivař, 100 00 Praha-Praha 10, Czechia","Českobrodská 73, 190 00 Praha 9-Hrdlořezy, Czechia",OK,OK,2.8 km,2789,36 mins,2169
https://reality.idnes.cz/detail/prodej/byt/praha-4-imrychova/5f8f3d14c456184338349083/?s-et=flat&s-ot=sale&s-l=VUSC-19,"Poliklinika Budějovická, 140 00 Praha 4, Czechia","Imrychova 981, 143 00 Praha 12, Czechia",OK,OK,4.5 km,4497,58 mins,3499
https://reality.idnes.cz/detail/prodej/byt/praha-1-u-pujcovny/606dee67e42ee977bc1e85c3/?s-et=flat&s-ot=sale&s-l=VUSC-19,"Vrchlického sady, 110 00 Praha 1-Nové Město, Czechia","U Půjčovny 5, 110 00 Praha 1-Nové Město, Czechia",OK,OK,0.4 km,370,5 mins,296
https://reality.idnes.cz/detail/prodej/byt/praha-9-ceskobrodska/6000789a5144df57ca13a833/?s-et=flat&s-ot=sale&s-l=VUSC-19,"Cíglerova 8, 198 00 Praha 14-Černý Most, Czechia","Silnice I/12, 190 12 Praha 14, Czechia",OK,OK,3.3 km,3290,42 mins,2530
https://reality.idnes.cz/detail/prodej/byt/praha-5-machateho/605ce2ffae88c111410583c3/?s-et=flat&s-ot=sale&s-l=VUSC-19,"Jinonice, 158 00 Praha-Praha 5, Czechia","Brichtova 685/2, 152 00 Praha 5-Hlubočepy, Czechia",OK,OK,3.8 km,3845,52 mins,3096
https://reality.idnes.cz/detail/prodej/byt/praha-3-libicka/6087d49e5272f759336753a6/?s-et=flat&s-ot=sale&s-l=VUSC-19,"Jičínská 10, 130 00 Praha 3-Vinohrady, Czechia","Libická 3, 130 00 Praha 3-Vinohrady, Czechia",OK,OK,0.4 km,425,5 mins,318
https://www.prazskereality.cz/s-ohledem-na-aktualni-situaci-bychom-vas-chteli-ujistit--7336165.html,"Náměstí Míru 585/11, 120 00 Praha 2-Vinohrady, Czechia","Perucká 9, Vinohrady, 120 00 Praha-Praha 2, Czechia",OK,OK,0.9 km,933,13 mins,798
https://reality.idnes.cz/detail/prodej/byt/praha-18-marty-krasove/5ed2b83f37ba4d53e0557fb2/?s-et=flat&s-ot=sale&s-l=VUSC-19,"Letňany, 199 00 Praha-Praha 18, Czechia","M. Krásové 3, 196 00 Praha-Čakovice, Czechia",OK,OK,4.3 km,4307,55 mins,3322
https://reality.idnes.cz/detail/prodej/byt/praha-5-jerabinova/5fe9b73fcfecda20192524e3/?s-et=flat&s-ot=sale&s-l=VUSC-19,"Nemocnice Motol, 150 00 Praha-Praha 5, Czechia","Jeřabinová 293/3, 150 00 Praha 5-Motol, Czechia",OK,OK,1.7 km,1687,23 mins,1395
https://reality.idnes.cz/detail/prodej/byt/praha-9-prouzova/608cba1dc4e16f0b8c353143/?s-et=flat&s-ot=sale&s-l=VUSC-19,"Vysočanská, 190 00 Praha-Praha 9, Czechia","Prouzova 792, 190 00 Praha 9-Vysočany, Czechia",OK,OK,0.1 km,142,2 mins,107
https://reality.idnes.cz/detail/prodej/byt/praha-4-branicka/604a152582bb4325ad1adc93/?s-et=flat&s-ot=sale&s-l=VUSC-19,"Na Pankráci 86, 140 00 Praha 4-Nusle, Czechia","Pod Ryšánkou, 147 00 Praha-Praha 4, Czechia",OK,OK,2.2 km,2240,29 mins,1765
https://reality.idnes.cz/detail/prodej/byt/praha-1-krocinova/5ff5e21de019ba12bf51d773/?s-et=flat&s-ot=sale&s-l=VUSC-19,"Národní třída, 110 00 Praha-Praha 1, Czechia","Krocínova 110 00, 110 00 Praha 1-Staré Město, Czechia",OK,OK,0.5 km,503,7 mins,393
https://reality.idnes.cz/detail/prodej/byt/praha-4-na-lysinach/5fae7ad23cc5332d83430663/?s-et=flat&s-ot=sale&s-l=VUSC-19,"Smíchovské nádraží, 150 00 Praha-Praha 5, Czechia","Na Lysinách 24, 147 00 Praha 4, Czechia",OK,OK,5.7 km,5739,1 hour 10 mins,4184
https://reality.idnes.cz/detail/prodej/byt/praha-4-jihlavska/608982a43ec3a077876da083/?s-et=flat&s-ot=sale&s-l=VUSC-19,"Kačerov, 141 00 Praha-Praha 4, Czechia","Jihlavská 42, 140 00 Praha 4, Czechia",OK,OK,0.5 km,498,6 mins,369
https://reality.idnes.cz/detail/prodej/byt/praha-2-vinohradska/5f747b5ba9f5185e8e0b3483/?s-et=flat&s-ot=sale&s-l=VUSC-19,"Legerova 57, Vinohrady, 110 00 Praha-Praha 1, Czechia","Vinohradská 2, 110 00 Praha 2-Nové Město, Czechia",OK,OK,0.3 km,279,4 mins,213
https://reality.idnes.cz/detail/prodej/byt/praha-9-nad-smetankou/608297da44891e14b00fda03/?s-et=flat&s-ot=sale&s-l=VUSC-19,"Sokolovská 202/314, 190 00 Praha 9-Vysočany, Czechia","Nad Smetankou 231/9, 190 00 Praha 9, Czechia",OK,OK,2.4 km,2435,31 mins,1875
https://www.remax-czech.cz/reality/detail/308130/prodej-bytu-2-kk-v-osobnim-vlastnictvi-61-m2-praha-10-hostivar,"Háje, 149 00 Praha-Praha 11, Czechia","Bratislavská 10, 102 00 Praha-Praha 15, Czechia",OK,OK,2.2 km,2205,29 mins,1747
https://reality.idnes.cz/detail/prodej/byt/praha-1-opletalova/5f7459b847b53076755b1494/?s-et=flat&s-ot=sale&s-l=VUSC-19,"Vrchlického sady, 110 00 Praha 1-Nové Město, Czechia","Opletalova 31, 110 00 Praha 1-Nové Město, Czechia",OK,OK,0.2 km,222,3 mins,181
https://reality.idnes.cz/detail/prodej/byt/praha-10-milinska/607fc99fb213314e4f008fc7/?s-et=flat&s-ot=sale&s-l=VUSC-19,"Roztylská 2232/17, 148 00 Praha 11-Chodov, Czechia","Klapálkova 2245, 149 00 Praha 11-Chodov, Czechia",OK,OK,2.1 km,2122,29 mins,1765
https://www.remax-czech.cz/reality/detail/311695/prodej-bytu-3-1-v-osobnim-vlastnictvi-96-m2-praha-3-vinohrady,"stanice metra Náměstí Míru Praha, 120 00 Praha-Praha 2, Czechia","Slezská 3, Vinohrady, 120 00 Praha-Praha 2, Czechia",OK,OK,80 m,80,1 min,62
https://reality.idnes.cz/detail/prodej/byt/praha-6-rooseveltova/608801ab7cfc6e44b5272ad3/?s-et=flat&s-ot=sale&s-l=VUSC-19,"Dejvická, 160 00 Praha-Praha 6, Czechia","Rooseveltova 16, 160 00 Praha 6, Czechia",OK,OK,0.7 km,734,11 mins,643
https://www.prazskereality.cz/luxusni-byt-4-kk-o-celkove-obytne-plose-126-6-m2-s-balko-7368935.html,"Legerova 57, Vinohrady, 110 00 Praha-Praha 1, Czechia","Old Town square, Mánesova, 120 00 Praha 2-Vinohrady, Czechia",OK,OK,0.3 km,255,3 mins,206
https://reality.idnes.cz/detail/prodej/byt/praha-9-cerpadlova/602a42b50d57e53f79201723/?s-et=flat&s-ot=sale&s-l=VUSC-19,"Vysočanská, 190 00 Praha-Praha 9, Czechia","Čerpadlová 9, 190 00 Praha 9, Czechia",OK,OK,1.2 km,1219,15 mins,925
https://reality.idnes.cz/detail/prodej/byt/praha-5-k-zastavce/6009c537ab17191532318bc3/?s-et=flat&s-ot=sale&s-l=VUSC-19,"Jinonice, 158 00 Praha 5, Czechia","Lovčenská 1286, 150 00 Praha 5-Košíře, Czechia",OK,OK,2.5 km,2499,35 mins,2115
https://reality.idnes.cz/detail/prodej/byt/praha-4-hurbanova/60882be8ee092b59516d49f3/?s-et=flat&s-ot=sale&s-l=VUSC-19,"Kačerov, 141 00 Praha-Praha 4, Czechia","Hurbanova 1285, 142 00 Praha 4-Krč, Czechia",OK,OK,2.4 km,2360,30 mins,1776
https://reality.idnes.cz/detail/prodej/byt/praha-1-legerova/607572decdecaf0eeb68d463/?s-et=flat&s-ot=sale&s-l=VUSC-19,"Legerova 357/50, Vinohrady, 120 00 Praha-Praha 2, Czechia","B. Němcové 1879/9, Nové Město, 120 00 Praha-Praha 2, Czechia",OK,OK,0.5 km,547,7 mins,414
https://reality.idnes.cz/detail/prodej/byt/praha-5-wassermannova/600e98600c3e630cf64ebbc3/?s-et=flat&s-ot=sale&s-l=VUSC-19,"Nové Butovice, 158 00 Praha-Praha 13, Czechia","Voskovcova 1075, 152 00 Praha 5-Hlubočepy, Czechia",OK,OK,3.6 km,3650,51 mins,3057
https://reality.idnes.cz/detail/prodej/byt/praha-5-wassermannova/5eea46f8558f072186461063/?s-et=flat&s-ot=sale&s-l=VUSC-19,"Nové Butovice, 158 00 Praha-Praha 13, Czechia","Voskovcova 1075, 152 00 Praha 5-Hlubočepy, Czechia",OK,OK,3.6 km,3650,51 mins,3057
https://reality.idnes.cz/detail/prodej/byt/praha-4-babakova/60818b2a2622b12c29790de3/?s-et=flat&s-ot=sale&s-l=VUSC-19,"Chodov, 148 00 Praha-Praha 11, Czechia","Babákova 2152, 148 00 Praha 11-Chodov, Czechia",OK,OK,0.8 km,815,11 mins,646
https://reality.idnes.cz/detail/prodej/byt/praha-10-francouzska/608a801aaf95980ddb785567/?s-et=flat&s-ot=sale&s-l=VUSC-19,"Náměstí Míru, 120 00 Praha 2, Czechia","Francouzská 230, 120 00 Praha 2-Vinohrady, Czechia",OK,OK,0.2 km,213,3 mins,183
https://reality.idnes.cz/detail/prodej/byt/praha-10-pocernicka/60487d2a8186674a092273b3/?s-et=flat&s-ot=sale&s-l=VUSC-19,"Strašnická, 100 00 Praha-Praha 10, Czechia","Počernická 797/10, 100 00 Praha-Strašnice, Czechia",OK,OK,1.0 km,991,12 mins,705
https://sreality.cz/detail/prodej/byt/3+kk/praha-smichov-za-zenskymi-domovy/3785240156,"Za Ženskými domovy 124, Smíchov, 150 00 Praha-Praha 5, Czechia","Za Ženskými domovy 124, Smíchov, 150 00 Praha-Praha 5, Czechia",OK,OK,27 m,27,1 min,23
https://reality.idnes.cz/detail/prodej/byt/praha-2-tyrsova/602e40d2648a91586c591153/?s-et=flat&s-ot=sale&s-l=VUSC-19,"Legerova 357/50, Vinohrady, 120 00 Praha-Praha 2, Czechia","Tyršova 2, 120 00 Praha 2-Nové Město, Czechia",OK,OK,0.2 km,193,3 mins,160
https://reality.idnes.cz/detail/prodej/byt/praha-5-na-valentince/606bf37f1788e45bfe0232e3/?s-et=flat&s-ot=sale&s-l=VUSC-19,"Nádražní 61, 150 00 Praha 5-Smíchov, Czechia","Na Valentince 5, 150 00 Praha 5-Smíchov, Czechia",OK,OK,0.4 km,435,6 mins,338
https://reality.idnes.cz/detail/prodej/byt/praha-2-rimska/5fa3ff98db7c0d55c734b0c3/?s-et=flat&s-ot=sale&s-l=VUSC-19,"Legerova 57, Vinohrady, 110 00 Praha-Praha 1, Czechia","Římská 72, 120 00 Praha 2-Vinohrady, Czechia",OK,OK,0.2 km,168,2 mins,131
https://sreality.cz/detail/prodej/byt/3+kk/praha-stodulky-chalabalova/985804124,"Luka, 155 00 Praha-Praha 13, Czechia","Chalabalova 1610, 155 00 Praha 13-Stodůlky, Czechia",OK,OK,0.9 km,921,12 mins,703
https://reality.idnes.cz/detail/prodej/byt/praha-4-michelska/5f3f7cc5558f0745ec7983f2/?s-et=flat&s-ot=sale&s-l=VUSC-19,"Olbrachtova 1946/64 4, 140 00 Praha-Praha 4, Czechia","Michelská 4/11, 140 00 Praha 4-Michle, Czechia",OK,OK,1.4 km,1425,21 mins,1286
https://reality.idnes.cz/detail/prodej/byt/praha-10-jablonova/606df099f5e3543e2d2c8183/?s-et=flat&s-ot=sale&s-l=VUSC-19,"Skalka, 100 00 Praha-Praha 10, Czechia","Jabloňová 50, 106 00 Praha 10, Czechia",OK,OK,1.5 km,1525,20 mins,1172
https://reality.idnes.cz/detail/prodej/byt/praha-5-graficka/60487ef6e45562407a787773/?s-et=flat&s-ot=sale&s-l=VUSC-19,"Nádražní 222, Smíchov, 150 00 Praha-Praha 5, Czechia","Grafická 854/15, Smíchov, 150 00 Praha-Praha 5, Czechia",OK,OK,0.9 km,913,12 mins,698
https://reality.idnes.cz/detail/prodej/byt/praha-5-voskovcova/606500e2856f7420704defb3/?s-et=flat&s-ot=sale&s-l=VUSC-19,"Jinonice, 158 00 Praha-Praha 5, Czechia","Voskovcova 934/31, 152 00 Praha 5-Hlubočepy, Czechia",OK,OK,3.7 km,3719,51 mins,3034
https://reality.idnes.cz/detail/prodej/byt/praha-8-cervena-ban/60658fb404a7cd52a0385f03/?s-et=flat&s-ot=sale&s-l=VUSC-19,"Na Hrázi 21, 180 00 Praha 8-Palmovka, Czechia","Červená báň 356/1, 180 00 Praha 8-Libeň, Czechia",OK,OK,1.3 km,1324,16 mins,932
https://reality.idnes.cz/detail/prodej/byt/praha-5-plzenska/5fd277b6c170f16d252027d3/?s-et=flat&s-ot=sale&s-l=VUSC-19,"Nemocnice Motol, 150 00 Praha-Praha 5, Czechia","Plzeňská 21/312, 150 00 Praha 5-Motol, Czechia",OK,OK,1.8 km,1849,24 mins,1433
https://reality.idnes.cz/detail/prodej/byt/praha-10-pocernicka/6048826ed762ff7f7134e503/?s-et=flat&s-ot=sale&s-l=VUSC-19,"Strašnická, 100 00 Praha-Praha 10, Czechia","Počernická 797/10, 100 00 Praha-Strašnice, Czechia",OK,OK,1.0 km,991,12 mins,705
https://sreality.cz/detail/prodej/byt/1+kk/praha-michle-nuselska/3311549788,"Pankrác, 140 00 Praha-Praha 4, Czechia","Nuselská 1495, 140 00 Praha 4-Nusle, Czechia",OK,OK,1.5 km,1504,21 mins,1274
https://reality.idnes.cz/detail/prodej/byt/praha-5-do-zahradek-i/605c73139433d75c1f6a4a73/?s-et=flat&s-ot=sale&s-l=VUSC-19,"Zličín, 155 00 Praha-Zličín, Czechia","Do Zahrádek I 236, 155 21 Zličín-Třebonice, Czechia",OK,OK,0.4 km,420,5 mins,305
https://reality.idnes.cz/detail/prodej/byt/praha-5-svedska/5e12ecf937ba4d33c7565fb3/?s-et=flat&s-ot=sale&s-l=VUSC-19,"Nádražní 222, Smíchov, 150 00 Praha-Praha 5, Czechia","Švédská 35, 150 00 Praha 5, Czechia",OK,OK,1.3 km,1319,15 mins,919
https://reality.idnes.cz/detail/prodej/byt/praha-10-pocernicka/604882fb24f1152cf5421943/?s-et=flat&s-ot=sale&s-l=VUSC-19,"Strašnická, 100 00 Praha-Praha 10, Czechia","Počernická 797/10, 100 00 Praha-Strašnice, Czechia",OK,OK,1.0 km,991,12 mins,705
https://reality.idnes.cz/detail/prodej/byt/praha-9-pod-harfou/6023b96bae8b3546cf13cb63/?s-et=flat&s-ot=sale&s-l=VUSC-19,"Vysočanská, 190 00 Praha-Praha 9, Czechia","Pod Harfou 9, 190 00 Praha-Praha 9, Czechia",OK,OK,1.1 km,1117,14 mins,844
https://reality.idnes.cz/detail/prodej/byt/praha-9-pod-harfou/6017f585acb7766dc2069913/?s-et=flat&s-ot=sale&s-l=VUSC-19,"Vysočanská, 190 00 Praha-Praha 9, Czechia","Pod Harfou 9, 190 00 Praha-Praha 9, Czechia",OK,OK,1.1 km,1117,14 mins,844
https://reality.idnes.cz/detail/prodej/byt/praha-5-wassermannova/5ee9ed1f37ba4d7d6b60dbc3/?s-et=flat&s-ot=sale&s-l=VUSC-19,"Nové Butovice, 158 00 Praha-Praha 13, Czechia","Voskovcova 1075, 152 00 Praha 5-Hlubočepy, Czechia",OK,OK,3.6 km,3650,51 mins,3057
https://reality.idnes.cz/detail/prodej/byt/praha-5-graficka/6048849780db04586f117143/?s-et=flat&s-ot=sale&s-l=VUSC-19,"Nádražní 222, Smíchov, 150 00 Praha-Praha 5, Czechia","Grafická 854/15, Smíchov, 150 00 Praha-Praha 5, Czechia",OK,OK,0.9 km,913,12 mins,698
https://reality.idnes.cz/detail/prodej/byt/praha-3-pitterova/608668a7a307b84671196793/?s-et=flat&s-ot=sale&s-l=VUSC-19,"Flora, 130 00 Praha-Praha 3, Czechia","Olšanská 5, 130 00 Praha 3-Žižkov, Czechia",OK,OK,1.2 km,1157,15 mins,927
https://reality.idnes.cz/detail/prodej/byt/praha-5-plzenska/5fbce07af7c9775d574009b3/?s-et=flat&s-ot=sale&s-l=VUSC-19,"Nemocnice Motol, 150 00 Praha-Praha 5, Czechia","Plzeňská 21/312, 150 00 Praha 5-Motol, Czechia",OK,OK,1.8 km,1849,24 mins,1433
https://reality.idnes.cz/detail/prodej/byt/praha-5-wassermannova/5eea3327558f0708bc3b4903/?s-et=flat&s-ot=sale&s-l=VUSC-19,"Nové Butovice, 158 00 Praha-Praha 13, Czechia","Voskovcova 1075, 152 00 Praha 5-Hlubočepy, Czechia",OK,OK,3.6 km,3650,51 mins,3057
https://reality.idnes.cz/detail/prodej/byt/praha-8-cervena-ban/60657e95e6b17d7a12468783/?s-et=flat&s-ot=sale&s-l=VUSC-19,"Na Hrázi 21, 180 00 Praha 8-Palmovka, Czechia","Červená báň 356/1, 180 00 Praha 8-Libeň, Czechia",OK,OK,1.3 km,1324,16 mins,932
https://reality.idnes.cz/detail/prodej/byt/praha-5-wassermannova/5eea4bc8558f0749956cc173/?s-et=flat&s-ot=sale&s-l=VUSC-19,"Nové Butovice, 158 00 Praha-Praha 13, Czechia","Voskovcova 1075, 152 00 Praha 5-Hlubočepy, Czechia",OK,OK,3.6 km,3650,51 mins,3057
https://reality.idnes.cz/detail/prodej/byt/praha-7-na-maninach/607834981f7d3d411a4dabb2/?s-et=flat&s-ot=sale&s-l=VUSC-19,"Thámova 681/32, Karlín, 186 00 Praha-Praha 8, Czechia","Na Maninách 7, 170 00 Praha 7-Holešovice, Czechia",OK,OK,1.6 km,1592,19 mins,1160
https://reality.idnes.cz/detail/prodej/byt/praha-10-stadicka/60772a2139c879754e3b30a3/?s-et=flat&s-ot=sale&s-l=VUSC-19,"Opatovská 871, 149 00 Praha 11, Czechia","Stadická 272, 109 00 Praha 15-Horní Měcholupy, Czechia",OK,OK,3.1 km,3121,40 mins,2398
https://reality.idnes.cz/detail/prodej/byt/praha-2-tyrsova/5f19c32a558f076a5629a9a7/?s-et=flat&s-ot=sale&s-l=VUSC-19,"Legerova 357/50, Vinohrady, 120 00 Praha-Praha 2, Czechia","Tyršova 2, 120 00 Praha 2-Nové Město, Czechia",OK,OK,0.2 km,193,3 mins,160
https://reality.idnes.cz/detail/prodej/byt/praha-5-peroutkova/5e870aa1558f075ecd797d03/?s-et=flat&s-ot=sale&s-l=VUSC-19,"Radlická 158 00, 150 00 Praha 5, Czechia","Na Farkáně III 46, 150 00 Praha 5, Czechia",OK,OK,0.7 km,735,10 mins,578
https://reality.idnes.cz/detail/prodej/byt/praha-5-naskove/60055dbaf4a21e41b1478293/?s-et=flat&s-ot=sale&s-l=VUSC-19,"Jinonice, 158 00 Praha 5, Czechia","Naskové 42, 150 00 Praha 5, Czechia",OK,OK,1.5 km,1457,20 mins,1181
https://reality.idnes.cz/detail/prodej/byt/praha-5-naskove/5f560fd7e4cc1539894d3843/?s-et=flat&s-ot=sale&s-l=VUSC-19,"Jinonice, 158 00 Praha 5, Czechia","Naskové 42, 150 00 Praha 5, Czechia",OK,OK,1.5 km,1457,20 mins,1181
https://reality.idnes.cz/detail/prodej/byt/praha-4-na-domovine/608d2a314f49df61a14836d3/?s-et=flat&s-ot=sale&s-l=VUSC-19,"Tomíčkova 2234, 148 00 Praha 11-Chodov, Czechia","Na Domovině 685, 142 00 Praha-Libuš, Czechia",OK,OK,4.3 km,4286,53 mins,3160
https://reality.idnes.cz/detail/prodej/byt/praha-5-naskove/5f5610b1834322420a467733/?s-et=flat&s-ot=sale&s-l=VUSC-19,"Jinonice, 158 00 Praha 5, Czechia","Naskové 42, 150 00 Praha 5, Czechia",OK,OK,1.5 km,1457,20 mins,1181
https://reality.idnes.cz/detail/prodej/byt/praha-5-naskove/60056dd118579573442d5c93/?s-et=flat&s-ot=sale&s-l=VUSC-19,"Jinonice, 158 00 Praha 5, Czechia","Naskové 42, 150 00 Praha 5, Czechia",OK,OK,1.5 km,1457,20 mins,1181
https://reality.idnes.cz/detail/prodej/byt/praha-5-naskove/60059fdd4870fd33c05c7733/?s-et=flat&s-ot=sale&s-l=VUSC-19,"Jinonice, 158 00 Praha 5, Czechia","Naskové 42, 150 00 Praha 5, Czechia",OK,OK,1.5 km,1457,20 mins,1181
https://www.prazskereality.cz/nabizime-k-prodeji-nove-zarizenou-bytovou-jednotku-s-dis-7388131.html,"Vinohradská 878, 130 00 Praha 3-Vinohrady, Czechia","Petrohradská 6/7, 101 00 Praha 10-Vršovice, Czechia",OK,OK,1.5 km,1529,22 mins,1330
https://reality.idnes.cz/detail/prodej/byt/praha-10-pocernicka/60487df3094de26bf3432de3/?s-et=flat&s-ot=sale&s-l=VUSC-19,"Strašnická, 100 00 Praha-Praha 10, Czechia","Počernická 797/10, 100 00 Praha-Strašnice, Czechia",OK,OK,1.0 km,991,12 mins,705
https://reality.idnes.cz/detail/prodej/byt/praha-5-podbelohorska/6070412bc8b31e32e72a5d23/?s-et=flat&s-ot=sale&s-l=VUSC-19,"Liberijská 568, 160 00 Praha 6-Vokovice, Czechia","Podbělohorská 190/73, 150 00 Praha-Praha 5, Czechia",OK,OK,4.6 km,4578,59 mins,3547
https://reality.idnes.cz/detail/prodej/byt/praha-9-ucnovska/5f8d7e5294d2d861db2d9b53/?s-et=flat&s-ot=sale&s-l=VUSC-19,"Sokolovská 274, Libeň, 180 00 Praha-Praha 9, Czechia","Učňovská 9, 190 00 Praha 9, Czechia",OK,OK,3.1 km,3132,37 mins,2242
https://reality.idnes.cz/detail/prodej/byt/praha-5-naskove/6006ca67b4ab373663398593/?s-et=flat&s-ot=sale&s-l=VUSC-19,"Jinonice, 158 00 Praha 5, Czechia","Naskové 42, 150 00 Praha 5, Czechia",OK,OK,1.5 km,1457,20 mins,1181
https://reality.idnes.cz/detail/prodej/byt/praha-8-cervena-ban/60658aa22db08732830151d3/?s-et=flat&s-ot=sale&s-l=VUSC-19,"Na Hrázi 21, 180 00 Praha 8-Palmovka, Czechia","Červená báň 356/1, 180 00 Praha 8-Libeň, Czechia",OK,OK,1.3 km,1324,16 mins,932
https://reality.idnes.cz/detail/prodej/byt/praha-9-zelenecska/6069fb341636cb61383c1da2/?s-et=flat&s-ot=sale&s-l=VUSC-19,"Hloubětín, 198 00 Praha-Praha 14, Czechia","Zelenečská 311, 198 00 Praha 14, Czechia",OK,OK,0.6 km,592,7 mins,427
https://reality.idnes.cz/detail/prodej/byt/praha-8-cervena-ban/60658d2d68300b212b70e9a3/?s-et=flat&s-ot=sale&s-l=VUSC-19,"Na Hrázi 21, 180 00 Praha 8-Palmovka, Czechia","Červená báň 356/1, 180 00 Praha 8-Libeň, Czechia",OK,OK,1.3 km,1324,16 mins,932
https://reality.idnes.cz/detail/prodej/byt/praha-10-pocernicka/604882e2ae2315070e33adce/?s-et=flat&s-ot=sale&s-l=VUSC-19,"Strašnická, 100 00 Praha-Praha 10, Czechia","Počernická 797/10, 100 00 Praha-Strašnice, Czechia",OK,OK,1.0 km,991,12 mins,705
https://reality.idnes.cz/detail/prodej/byt/praha-5-naskove/60056466a9f38f7e9e1c9df3/?s-et=flat&s-ot=sale&s-l=VUSC-19,"Jinonice, 158 00 Praha 5, Czechia","Naskové 42, 150 00 Praha 5, Czechia",OK,OK,1.5 km,1457,20 mins,1181
https://reality.idnes.cz/detail/prodej/byt/praha-6-radimova/5fa50af7b4e3131e4b7f7953/?s-et=flat&s-ot=sale&s-l=VUSC-19,"Liberijská 568, 160 00 Praha 6-Vokovice, Czechia","Radimova 65, 169 00 Praha 6-Břevnov, Czechia",OK,OK,2.1 km,2138,29 mins,1762
https://reality.idnes.cz/detail/prodej/byt/praha-7-u-pergamenky/60214f3d597ec55c196fd823/?s-et=flat&s-ot=sale&s-l=VUSC-19,"Plynární 170 00, 170 00 Praha 7-Holešovice, Czechia","Ortenovo nám. 1311, 170 00 Praha 7-Holešovice, Czechia",OK,OK,0.8 km,801,11 mins,638
https://reality.idnes.cz/detail/prodej/byt/praha-6-cinska/6082aa4a85c2833c4d5a180f/?s-et=flat&s-ot=sale&s-l=VUSC-19,"50.04658025100008,14.305064858000037","0,0",ZERO_RESULTS,OK,,,,
https://reality.idnes.cz/detail/prodej/byt/praha-3-lucemburska/5f524d47e5969267ea62db23/?s-et=flat&s-ot=sale&s-l=VUSC-19,"Vinohradská 878, 130 00 Praha 3-Vinohrady, Czechia","Lucemburská 1578, 130 00 Praha 3-Vinohrady, Czechia",OK,OK,0.3 km,320,4 mins,224
https://reality.idnes.cz/detail/prodej/byt/praha-8-cervena-ban/60658cd8baae0b08c03ac789/?s-et=flat&s-ot=sale&s-l=VUSC-19,"50.04658025100008,14.305064858000037","0,0",ZERO_RESULTS,OK,,,,
https://www.prazskereality.cz/byt-c-31-orientovany-na-severozapad-o-dispozicich-2-1-a--7369198.html,"663, Sokolovská, 186 00 Praha 8-Invalidovna, Czechia","Sokolovská 428, 180 00 Praha 8-Invalidovna, Czechia",OK,OK,0.3 km,334,4 mins,243
https://reality.idnes.cz/detail/prodej/byt/praha-3-borivojova/6065b225a90e5e58d423d483/?s-et=flat&s-ot=sale&s-l=VUSC-19,"Vinohradská 878, 130 00 Praha 3-Vinohrady, Czechia","Bořivojova 3, 130 00 Praha 3-Vinohrady, Czechia",OK,OK,0.6 km,566,7 mins,408
https://reality.idnes.cz/detail/prodej/byt/praha-9-trebesovska/600e8d5215517920542ad937/?s-et=flat&s-ot=sale&s-l=VUSC-19,"Černý Most, 198 00 Praha-Praha 14, Czechia","Třebešovská 9, 193 00 Praha 20, Czechia",OK,OK,2.9 km,2859,36 mins,2143
https://reality.idnes.cz/detail/prodej/byt/praha-5-malatova/5a861f5aa26e3a66e23b7e04/?s-et=flat&s-ot=sale&s-l=VUSC-19,"Nádražní 222, Smíchov, 150 00 Praha-Praha 5, Czechia","Malátova 8, 150 00 Praha 5-Smíchov, Czechia",OK,OK,0.9 km,935,12 mins,700
https://www.prazskereality.cz/kompletne-zrekonstruovany-dle-architektonickeho-planu-ma-7360366.html,"50.04658025100008,14.305064858000037","0,0",ZERO_RESULTS,OK,,,,
https://reality.idnes.cz/detail/prodej/byt/praha-5-na-valentince/607828933235987a9933fec3/?s-et=flat&s-ot=sale&s-l=VUSC-19,"Nádražní 61, 150 00 Praha 5-Smíchov, Czechia","Na Valentince 5, 150 00 Praha 5-Smíchov, Czechia",OK,OK,0.4 km,435,6 mins,338
https://www.remax-czech.cz/reality/detail/285779/prodej-bytu-1-kk-v-osobnim-vlastnictvi-35-m2-praha-9-dolni-pocernice,"Černý Most, 198 00 Praha-Praha 14, Czechia","Most přes Rokytku, Nár. hrdinů 44, 190 12 Praha-Dolní Počernice, Czechia",OK,OK,2.7 km,2664,34 mins,2057
https://www.remax-czech.cz/reality/detail/307185/prodej-bytu-1-kk-v-osobnim-vlastnictvi-43-m2-praha-9-dolni-pocernice,"Černý Most, 198 00 Praha-Praha 14, Czechia","Most přes Rokytku, Nár. hrdinů 44, 190 12 Praha-Dolní Počernice, Czechia",OK,OK,2.7 km,2664,34 mins,2057
https://reality.idnes.cz/detail/prodej/byt/praha-6-hladkov/608aa8084ce5ad38712a3833/?s-et=flat&s-ot=sale&s-l=VUSC-19,"Dejvická, 160 00 Praha 6, Czechia","Hládkov 2, 169 00 Praha 6, Czechia",OK,OK,1.8 km,1794,21 mins,1252
https://reality.idnes.cz/detail/prodej/byt/praha-4-jilovska/6082860c4ceb87564d0e94b5/?s-et=flat&s-ot=sale&s-l=VUSC-19,"Budějovická, 140 00 Praha-Praha 4, Czechia","Jílovská 350, 142 00 Praha-Praha 4, Czechia",OK,OK,3.1 km,3147,43 mins,2553
https://reality.idnes.cz/detail/prodej/byt/praha-4-choceradska/607d7760a4ca7d17b5038bb3/?s-et=flat&s-ot=sale&s-l=VUSC-19,"Chodov, 148 00 Praha-Praha 11, Czechia","Choceradská 3118, 141 00 Praha 4, Czechia",OK,OK,2.0 km,1982,28 mins,1673
https://www.remax-czech.cz/reality/detail/309963/prodej-bytu-3-1-v-osobnim-vlastnictvi-79-m2-praha-4-ujezd-u-pruhonic,"Háje, 149 00 Praha-Praha 11, Czechia","U Pramene 433/6, 149 00 Praha-Újezd, Czechia",OK,OK,1.4 km,1420,18 mins,1086
https://reality.idnes.cz/detail/prodej/byt/praha-6-za-vokovickou-vozovnou/60548b7c59c01e6f6e4940e3/?s-et=flat&s-ot=sale&s-l=VUSC-19,"Brunclíkova 1945, 162 00 Praha 6-Břevnov, Czechia","Za Vokovickou Vozovnou 11, 161 00 Praha 6, Czechia",OK,OK,1.8 km,1758,24 mins,1443
https://reality.idnes.cz/detail/prodej/byt/praha-8-nad-rokoskou/6022669d092c9018486b20c3/?s-et=flat&s-ot=sale&s-l=VUSC-19,"Kobylisy, 182 00 Praha-Praha 8, Czechia","Nad Rokoskou 17, 182 00 Praha 8, Czechia",OK,OK,0.6 km,640,11 mins,656
https://reality.idnes.cz/detail/prodej/byt/praha-5-tomkova/6033f084cfd27811500ed003/?s-et=flat&s-ot=sale&s-l=VUSC-19,"Za Ženskými domovy 124, Smíchov, 150 00 Praha-Praha 5, Czechia","Ostrovského 2264, 150 00 Praha 5-Smíchov, Czechia",OK,OK,0.6 km,605,7 mins,408
https://reality.idnes.cz/detail/prodej/byt/praha-2-karlovo-namesti/606dda0d972e595d98256533/?s-et=flat&s-ot=sale&s-l=VUSC-19,"Karlovo náměstí, Nové Město, 120 00 Praha 2, Czechia","Karlovo nám. 2, Nové Město, 120 00 Praha-Praha 2, Czechia",OK,OK,70 m,70,1 min,49
https://reality.idnes.cz/detail/prodej/byt/praha-2-na-poricnim-pravu/602e40fa1b981359205b6573/?s-et=flat&s-ot=sale&s-l=VUSC-19,"Palackého nám. 4, 128 00 Praha 2-Nové Město, Czechia","Podskalská 33, 128 00 Praha 2-Nové Město, Czechia",OK,OK,0.1 km,149,2 mins,114
https://sreality.cz/detail/prodej/byt/4+kk/praha-kunratice-za-valem/3050147164,"50.04658025100008,14.305064858000037","0,0",ZERO_RESULTS,OK,,,,
https://reality.idnes.cz/detail/prodej/byt/praha-4-u-svepomoci/607d60cfc1fdc210911ef233/?s-et=flat&s-ot=sale&s-l=VUSC-19,"Pankrác, 140 00 Praha-Praha 4, Czechia","U Svépomoci 884/4, 140 00 Praha 4-Nusle, Czechia",OK,OK,0.9 km,859,11 mins,668
https://reality.idnes.cz/detail/prodej/byt/praha-4-nad-rybnicky/5f2cfaa737ba4d431b7e1753/?s-et=flat&s-ot=sale&s-l=VUSC-19,"Chodov, 148 00 Praha-Praha 11, Czechia","Nad Rybníčky 1612, 148 00 Praha-Kunratice, Czechia",OK,OK,3.4 km,3372,43 mins,2565
https://reality.idnes.cz/detail/prodej/byt/praha-10-pocernicka/60487f8b0ab1275f3f1db853/?s-et=flat&s-ot=sale&s-l=VUSC-19,"50.04658025100008,14.305064858000037","0,0",ZERO_RESULTS,OK,,,,
https://reality.idnes.cz/detail/prodej/byt/praha-5-naskove/6001914770a6d778113cff33/?s-et=flat&s-ot=sale&s-l=VUSC-19,"50.04658025100008,14.305064858000037","0,0",ZERO_RESULTS,OK,,,,
https://reality.idnes.cz/detail/prodej/byt/praha-8-pod-kynclovkou/603c835e6ecdaa5770564753/?s-et=flat&s-ot=sale&s-l=VUSC-19,"Kobyliské nám. 447, Kobylisy, 182 00 Praha-Praha 8, Czechia","Pod Kynclovkou 11, 182 00 Praha 8, Czechia",OK,OK,0.4 km,386,5 mins,304
https://reality.idnes.cz/detail/prodej/byt/praha-10-madridska/60813b4176f47957b742e233/?s-et=flat&s-ot=sale&s-l=VUSC-19,"Jičínská 10, 130 00 Praha 3-Vinohrady, Czechia","Madridská 10, Vršovice, 101 00 Praha-Praha 10, Czechia",OK,OK,1.2 km,1179,17 mins,1010
https://reality.idnes.cz/detail/prodej/byt/praha-5-u-jezera/60894d90daf7b4343b105d73/?s-et=flat&s-ot=sale&s-l=VUSC-19,"Luka, 155 00 Praha-Praha 13, Czechia","U Jezera 13, 155 00 Praha-Praha 13, Czechia",OK,OK,0.1 km,98,1 min,87
https://reality.idnes.cz/detail/prodej/byt/praha-14-cernodolska/60880457fd61a30e97168ad4/?s-et=flat&s-ot=sale&s-l=VUSC-19,"50.04658025100008,14.305064858000037","0,0",ZERO_RESULTS,OK,,,,
https://reality.idnes.cz/detail/prodej/byt/praha-18-krivoklatska/6019460d035adf2e6458c032/?s-et=flat&s-ot=sale&s-l=VUSC-19,"Letňany, 199 00 Praha-Praha 18, Czechia","Křivoklátská 436, 199 00 Praha-Letňany, Czechia",OK,OK,2.0 km,1973,25 mins,1515
https://sreality.cz/detail/prodej/byt/3+1/praha-liben-cihakova/2014288476,"Českomoravská, 190 00 Praha-Praha 9, Czechia","Čihákova 1934, 190 00 Praha 9-Libeň, Czechia",OK,OK,0.5 km,515,7 mins,404
https://reality.idnes.cz/detail/prodej/byt/praha-10-nove-namesti/6081c8e7163fa870f4532063/?s-et=flat&s-ot=sale&s-l=VUSC-19,"Opatovská 871, 149 00 Praha 11, Czechia","Nové nám. 1250, 104 00 Praha 22-Uhříněves, Czechia",OK,OK,7.8 km,7811,1 hour 38 mins,5880
https://reality.idnes.cz/detail/prodej/byt/praha-2-podskalska/607470ea0e8a8029055853c3/?s-et=flat&s-ot=sale&s-l=VUSC-19,"Palackého nám. 4, 128 00 Praha 2-Nové Město, Czechia","Podskalská 2, Nové Město, 128 00 Praha-Praha 2, Czechia",OK,OK,0.4 km,406,5 mins,311
https://www.remax-czech.cz/reality/detail/305825/prodej-bytu-3-kk-v-osobnim-vlastnictvi-93-m2-praha-5-hlubocepy,"50.04658025100008,14.305064858000037","0,0",ZERO_RESULTS,OK,,,,
https://reality.idnes.cz/detail/prodej/byt/praha-2-spanelska/6039426e44f71b52b526c7d3/?s-et=flat&s-ot=sale&s-l=VUSC-19,"Legerova 57, Vinohrady, 110 00 Praha-Praha 1, Czechia","Španělská 2, 120 00 Praha 2-Vinohrady, Czechia",OK,OK,0.2 km,183,3 mins,157
https://reality.idnes.cz/detail/prodej/byt/praha-4-fillova/6051c7fa42ebeb27353369b3/?s-et=flat&s-ot=sale&s-l=VUSC-19,"Budějovická, 140 00 Praha-Praha 4, Czechia","Fillova 980, 140 00 Praha 4-Krč, Czechia",OK,OK,0.4 km,363,5 mins,289
https://www.remax-czech.cz/reality/detail/274902/prodej-bytu-3-kk-v-osobnim-vlastnictvi-59-m2-praha-2-vinohrady,"Náměstí Míru 10, 120 00 Praha 2-Vinohrady, Czechia","Belgická 37, 120 00 Praha 2-Vinohrady, Czechia",OK,OK,0.2 km,169,2 mins,134
https://reality.idnes.cz/detail/prodej/byt/praha-4-mezi-vodami/606c278cf2ebd95a5c7f8db3/?s-et=flat&s-ot=sale&s-l=VUSC-19,"Radlická 158 00, 150 00 Praha 5, Czechia","Modřany CZ, Mezi Vodami, Belárie, 143 00 Praha-Praha 12, Czechia",OK,OK,6.8 km,6782,1 hour 27 mins,5236
https://reality.idnes.cz/detail/prodej/byt/praha-4-bachova/60619889ab330c23ae3761e3/?s-et=flat&s-ot=sale&s-l=VUSC-19,"Chilská 1061, 149 00 Praha 4-Chodov, Czechia","Bachova 1592/4, 149 00 Praha 11-Chodov, Czechia",OK,OK,0.4 km,407,5 mins,293
https://www.prazskereality.cz/nabizime-k-prodeji-utulny-byt-o-dispozici-2-1-a-uzitne-p-6761549.html,"Metro Malostranská, vestibul stanice metra Malostranská, 118 00 Praha-Praha 1, Czechia","Hellichova 395, Malá Strana, 118 00 Praha-Praha 1, Czechia",OK,OK,1.2 km,1154,14 mins,833
https://reality.idnes.cz/detail/prodej/byt/praha-10-hyacintova/60662e5618162b5b64376903/?s-et=flat&s-ot=sale&s-l=VUSC-19,"Skalka, 100 00 Praha-Praha 10, Czechia","Hyacintová 106 00, 106 00 Praha 10, Czechia",OK,OK,2.1 km,2094,26 mins,1576
https://reality.idnes.cz/detail/prodej/byt/praha-1-ujezd/607d19b2b0c2a46b1214c0b3/?s-et=flat&s-ot=sale&s-l=VUSC-19,"Metro Malostranská, vestibul stanice metra Malostranská, 118 00 Praha-Praha 1, Czechia","Újezd 426, Malá Strana, 118 00 Praha-Praha 1, Czechia",OK,OK,1.3 km,1261,15 mins,915
https://reality.idnes.cz/detail/prodej/byt/praha-1-benediktska/5f06f36a37ba4d122c4606b3/?s-et=flat&s-ot=sale&s-l=VUSC-19,"U Obecního domu 660/6, 110 00 Praha 1-Staré Město, Czechia","685/16, Rybná, 110 00 Praha 1-Staré Město, Czechia",OK,OK,0.3 km,314,4 mins,237
https://reality.idnes.cz/detail/prodej/byt/praha-20-lipi/603f223464f95f7ae40b55a2/?s-et=flat&s-ot=sale&s-l=VUSC-19,"Černý Most, 198 00 Praha-Praha 14, Czechia","Lipí 672, 193 00 Praha 20, Czechia",OK,OK,2.8 km,2822,35 mins,2120
https://reality.idnes.cz/detail/prodej/byt/praha-4-heralecka-iv/6085250970371f15c5649b03/?s-et=flat&s-ot=sale&s-l=VUSC-19,"Olbrachtova 2006, 140 00 Praha 4-Krč, Czechia","Herálecká IV 1583/4, 140 00 Praha 4-Krč, Czechia",OK,OK,0.3 km,265,3 mins,194
https://reality.idnes.cz/detail/prodej/byt/praha-1-ujezd/5f5f2d9b101f896d135212a3/?s-et=flat&s-ot=sale&s-l=VUSC-19,"Metro Malostranská, vestibul stanice metra Malostranská, 118 00 Praha-Praha 1, Czechia","Újezd 426, Malá Strana, 118 00 Praha-Praha 1, Czechia",OK,OK,1.3 km,1261,15 mins,915
https://reality.idnes.cz/detail/prodej/byt/praha-4-hlavni/606df0106f8e6b1c16441343/?s-et=flat&s-ot=sale&s-l=VUSC-19,"Tomíčkova 2234, 148 00 Praha 11-Chodov, Czechia","Jižní XV 1154, 141 00 Praha 4-Záběhlice, Czechia",OK,OK,0.8 km,828,11 mins,652
https://reality.idnes.cz/detail/prodej/byt/praha-4-branicka/6086bfe1ff9313443c7d2d56/?s-et=flat&s-ot=sale&s-l=VUSC-19,"50.04658025100008,14.305064858000037","0,0",ZERO_RESULTS,OK,,,,
https://reality.idnes.cz/detail/prodej/byt/praha-7-osadni/605b5193e9903369dc6f2c83/?s-et=flat&s-ot=sale&s-l=VUSC-19,"Vltavská, 170 00 Praha-Praha 7, Czechia","Osadní 7, 170 00 Praha 7-Holešovice, Czechia",OK,OK,0.8 km,848,11 mins,635
https://www.prazskereality.cz/rezervace-tento-byt-jiz-neni-k-dispozici-hledame-pro-nas-7381975.html,"Opatovská 871, 149 00 Praha 11, Czechia","Jurkovičova 988, 149 00 Praha 11, Czechia",OK,OK,0.7 km,667,9 mins,567
https://reality.idnes.cz/detail/prodej/byt/praha-9-sokolovska/607d67e9d189be5ed577d5a3/?s-et=flat&s-ot=sale&s-l=VUSC-19,"Florenc, 186 00 Praha-Praha 8, Czechia","Sokolovská 9, 186 00 Praha 8-Karlín, Czechia",OK,OK,73 m,73,1 min,56
https://www.remax-czech.cz/reality/detail/311612/prodej-bytu-1-kk-v-osobnim-vlastnictvi-39-m2-praha-4-podoli,"50.04658025100008,14.305064858000037","0,0",ZERO_RESULTS,OK,,,,
https://reality.idnes.cz/detail/prodej/byt/praha-9-ceskobrodska/6038cea1d992c025bf137423/?s-et=flat&s-ot=sale&s-l=VUSC-19,"50.04658025100008,14.305064858000037","0,0",ZERO_RESULTS,OK,,,,
https://reality.idnes.cz/detail/prodej/byt/praha/608be3732d2e927666116603/?s-et=flat&s-ot=sale&s-l=VUSC-19,"50.04658025100008,14.305064858000037","0,0",ZERO_RESULTS,OK,,,,
https://reality.idnes.cz/detail/prodej/byt/praha-4-jivenska/6072aca616f70345c25607a3/?s-et=flat&s-ot=sale&s-l=VUSC-19,"50.04658025100008,14.305064858000037","0,0",ZERO_RESULTS,OK,,,,
https://reality.idnes.cz/detail/prodej/byt/praha-2-perucka/6065b3cd26463f7edf24b6b3/?s-et=flat&s-ot=sale&s-l=VUSC-19,"50.04658025100008,14.305064858000037","0,0",ZERO_RESULTS,OK,,,,
https://reality.idnes.cz/detail/prodej/byt/praha-10-milinska/607d4b0a25bd131790391ad3/?s-et=flat&s-ot=sale&s-l=VUSC-19,"50.04658025100008,14.305064858000037","0,0",ZERO_RESULTS,OK,,,,
https://reality.idnes.cz/detail/prodej/byt/praha-9-cihakova/6086a7d732815907d907c213/?s-et=flat&s-ot=sale&s-l=VUSC-19,"Českomoravská, 190 00 Praha-Praha 9, Czechia","Čihákova 1934, 190 00 Praha 9-Libeň, Czechia",OK,OK,0.5 km,515,7 mins,404
https://reality.idnes.cz/detail/prodej/byt/praha-9-vasatkova/607c621ebafdf2751174d6e3/?s-et=flat&s-ot=sale&s-l=VUSC-19,"50.04658025100008,14.305064858000037","0,0",ZERO_RESULTS,OK,,,,
